edge_servers,completed_tasks,scheduler,metric,mean,std,ci_lower,ci_upper,min,max,median,n
3,20,GA,makespan,8.46,0.8236,8.099,8.821,6.9,9.7,8.5,20
3,20,GA,avg_e2e_latency,4.0277,0.757,3.6959,4.3594,2.4047,5.658,4.0655,20
3,20,GA,avg_utilization,0.195,0.0262,0.1835,0.2064,0.1295,0.2377,0.1921,20
3,20,GA,load_balance_std,0.2692,0.0327,0.2549,0.2836,0.1831,0.3264,0.2638,20
3,20,HEFT,makespan,8.49,0.8372,8.1231,8.8569,7.2,10.0,8.4,20
3,20,HEFT,avg_e2e_latency,4.3202,0.7704,3.9826,4.6579,2.8522,5.5184,4.2912,20
3,20,HEFT,avg_utilization,0.1945,0.0404,0.1768,0.2122,0.1367,0.2621,0.1882,20
3,20,HEFT,load_balance_std,0.2507,0.0408,0.2328,0.2686,0.1933,0.3158,0.253,20
3,20,PSO,makespan,8.805,0.6755,8.509,9.101,7.4,10.2,8.8,20
3,20,PSO,avg_e2e_latency,4.7461,0.7314,4.4255,5.0666,3.3542,6.2055,4.7312,20
3,20,PSO,avg_utilization,0.1959,0.0288,0.1833,0.2085,0.1503,0.2531,0.199,20
3,20,PSO,load_balance_std,0.266,0.0352,0.2506,0.2814,0.2125,0.333,0.2667,20
3,20,RL,makespan,8.045,1.0928,7.5661,8.5239,6.3,9.9,8.1,20
3,20,RL,avg_e2e_latency,3.8725,0.7249,3.5548,4.1902,2.2671,5.3342,3.8475,20
3,20,RL,avg_utilization,0.1781,0.0286,0.1656,0.1907,0.1358,0.2315,0.1802,20
3,20,RL,load_balance_std,0.2452,0.0415,0.227,0.2634,0.1826,0.3274,0.2381,20
3,20,RoundRobin,makespan,12.37,1.2528,11.8209,12.9191,9.3,14.3,12.65,20
3,20,RoundRobin,avg_e2e_latency,5.3878,0.5034,5.1671,5.6084,4.3822,6.4299,5.3789,20
3,20,RoundRobin,avg_utilization,0.1561,0.0404,0.1384,0.1738,0.1193,0.2899,0.1442,20
3,20,RoundRobin,load_balance_std,0.1765,0.0223,0.1667,0.1863,0.1099,0.2109,0.1777,20
3,40,GA,makespan,14.23,1.1323,13.7337,14.7263,12.0,15.9,14.05,20
3,40,GA,avg_e2e_latency,5.0578,0.4393,4.8653,5.2503,4.2688,6.179,5.1053,20
3,40,GA,avg_utilization,0.275,0.0225,0.2652,0.2849,0.2465,0.3512,0.2762,20
3,40,GA,load_balance_std,0.3436,0.0235,0.3333,0.3538,0.3067,0.3958,0.3408,20
3,40,HEFT,makespan,14.28,1.4163,13.6593,14.9007,11.6,17.5,14.15,20
3,40,HEFT,avg_e2e_latency,5.4905,0.4461,5.295,5.6861,4.7489,6.2886,5.4396,20
3,40,HEFT,avg_utilization,0.3029,0.0559,0.2784,0.3274,0.2428,0.4561,0.2853,20
3,40,HEFT,load_balance_std,0.3273,0.0371,0.311,0.3435,0.2551,0.3761,0.3312,20
3,40,PSO,makespan,14.655,1.3843,14.0483,15.2617,12.3,17.2,14.55,20
3,40,PSO,avg_e2e_latency,5.5558,0.5049,5.3346,5.7771,4.9514,6.6413,5.4329,20
3,40,PSO,avg_utilization,0.305,0.0698,0.2745,0.3356,0.2397,0.4683,0.2737,20
3,40,PSO,load_balance_std,0.3212,0.0519,0.2984,0.3439,0.1847,0.3795,0.3405,20
3,40,RL,makespan,13.725,1.692,12.9834,14.4666,11.3,16.9,14.15,20
3,40,RL,avg_e2e_latency,5.0574,0.442,4.8636,5.2511,4.3155,5.7613,5.0023,20
3,40,RL,avg_utilization,0.2719,0.0263,0.2604,0.2834,0.2349,0.3157,0.2713,20
3,40,RL,load_balance_std,0.3402,0.0204,0.3312,0.3491,0.3037,0.3905,0.337,20
3,40,RoundRobin,makespan,22.925,2.1621,21.9774,23.8726,20.0,28.3,22.55,20
3,40,RoundRobin,avg_e2e_latency,7.4803,0.8241,7.1191,7.8414,5.872,9.5724,7.439,20
3,40,RoundRobin,avg_utilization,0.224,0.0564,0.1993,0.2487,0.1586,0.3704,0.2031,20
3,40,RoundRobin,load_balance_std,0.1999,0.0281,0.1876,0.2122,0.1016,0.2441,0.2023,20
3,60,GA,makespan,20.14,1.3044,19.5683,20.7117,17.9,23.6,19.9,20
3,60,GA,avg_e2e_latency,5.7157,0.4132,5.5346,5.8968,4.9313,6.626,5.7652,20
3,60,GA,avg_utilization,0.3251,0.048,0.3041,0.3461,0.2715,0.4727,0.3155,20
3,60,GA,load_balance_std,0.3538,0.0272,0.3418,0.3657,0.2925,0.3887,0.363,20
3,60,HEFT,makespan,20.575,1.8657,19.7573,21.3927,17.6,24.7,20.1,20
3,60,HEFT,avg_e2e_latency,6.0748,0.4981,5.8565,6.2931,4.8942,7.1505,6.0998,20
3,60,HEFT,avg_utilization,0.3553,0.0695,0.3248,0.3857,0.2575,0.4842,0.349,20
3,60,HEFT,load_balance_std,0.3331,0.0422,0.3147,0.3516,0.2508,0.4016,0.3457,20
3,60,PSO,makespan,20.565,1.1532,20.0596,21.0704,18.8,22.3,20.25,20
3,60,PSO,avg_e2e_latency,6.0474,0.5347,5.8131,6.2818,5.1929,7.1849,5.9379,20
3,60,PSO,avg_utilization,0.3777,0.0736,0.3455,0.41,0.2882,0.5392,0.3561,20
3,60,PSO,load_balance_std,0.3289,0.0445,0.3094,0.3484,0.2073,0.4075,0.341,20
3,60,RL,makespan,19.72,1.4439,19.0872,20.3528,16.8,22.4,19.8,20
3,60,RL,avg_e2e_latency,5.6745,0.4642,5.4711,5.878,5.07,6.7468,5.628,20
3,60,RL,avg_utilization,0.3309,0.0632,0.3032,0.3586,0.2521,0.506,0.315,20
3,60,RL,load_balance_std,0.3431,0.0343,0.328,0.3581,0.2311,0.391,0.3463,20
3,60,RoundRobin,makespan,34.29,4.9538,32.1189,36.4611,28.8,48.6,32.9,20
3,60,RoundRobin,avg_e2e_latency,8.7411,1.0204,8.2939,9.1883,7.1605,11.2082,8.8394,20
3,60,RoundRobin,avg_utilization,0.3075,0.0663,0.2785,0.3366,0.2188,0.4592,0.3081,20
3,60,RoundRobin,load_balance_std,0.1855,0.0504,0.1634,0.2076,0.0678,0.238,0.1947,20
3,80,GA,makespan,25.97,1.4434,25.3374,26.6026,22.9,28.5,26.35,20
3,80,GA,avg_e2e_latency,6.562,0.5947,6.3013,6.8226,5.5939,8.2513,6.4771,20
3,80,GA,avg_utilization,0.3789,0.0734,0.3467,0.411,0.2724,0.5888,0.3591,20
3,80,GA,load_balance_std,0.3466,0.0384,0.3298,0.3635,0.2253,0.3938,0.353,20
3,80,HEFT,makespan,27.345,2.2078,26.3774,28.3126,23.8,32.0,27.3,20
3,80,HEFT,avg_e2e_latency,7.0548,0.7813,6.7124,7.3973,5.6922,8.7708,7.0174,20
3,80,HEFT,avg_utilization,0.3948,0.0542,0.3711,0.4186,0.3257,0.5062,0.3879,20
3,80,HEFT,load_balance_std,0.3266,0.0407,0.3088,0.3444,0.2408,0.3814,0.3403,20
3,80,PSO,makespan,25.985,1.8377,25.1796,26.7904,22.5,29.4,25.95,20
3,80,PSO,avg_e2e_latency,6.753,0.6481,6.4689,7.037,5.9861,8.2003,6.6102,20
3,80,PSO,avg_utilization,0.4364,0.0788,0.4019,0.4709,0.2856,0.5919,0.4438,20
3,80,PSO,load_balance_std,0.3249,0.0574,0.2998,0.3501,0.1819,0.404,0.3495,20
3,80,RL,makespan,26.045,1.5988,25.3443,26.7457,22.7,29.2,26.25,20
3,80,RL,avg_e2e_latency,6.4239,0.5816,6.169,6.6788,5.7553,8.17,6.3383,20
3,80,RL,avg_utilization,0.3838,0.0702,0.3531,0.4146,0.2851,0.5487,0.3727,20
3,80,RL,load_balance_std,0.3398,0.0384,0.3229,0.3566,0.2526,0.3958,0.3473,20
3,80,RoundRobin,makespan,47.45,8.1098,43.8957,51.0043,38.6,67.0,45.7,20
3,80,RoundRobin,avg_e2e_latency,9.7336,0.8088,9.3791,10.088,8.2227,11.1044,9.6235,20
3,80,RoundRobin,avg_utilization,0.3883,0.0755,0.3552,0.4214,0.2566,0.5397,0.3856,20
3,80,RoundRobin,load_balance_std,0.1666,0.0681,0.1368,0.1964,0.0598,0.2799,0.1636,20
3,100,GA,makespan,32.43,1.6601,31.7024,33.1576,28.4,34.7,32.65,20
3,100,GA,avg_e2e_latency,7.3908,0.6567,7.103,7.6787,6.4655,9.4401,7.4283,20
3,100,GA,avg_utilization,0.4127,0.0702,0.3819,0.4434,0.3089,0.5545,0.4073,20
3,100,GA,load_balance_std,0.339,0.0456,0.319,0.3589,0.2487,0.4004,0.3593,20
3,100,HEFT,makespan,33.635,2.2679,32.641,34.629,30.1,38.4,33.1,20
3,100,HEFT,avg_e2e_latency,8.3373,1.0349,7.8838,8.7909,6.7801,10.2494,8.3602,20
3,100,HEFT,avg_utilization,0.4555,0.0608,0.4288,0.4821,0.3622,0.6273,0.4562,20
3,100,HEFT,load_balance_std,0.3172,0.0529,0.294,0.3404,0.163,0.3782,0.3319,20
3,100,PSO,makespan,32.18,2.213,31.2101,33.1499,28.3,35.6,32.15,20
3,100,PSO,avg_e2e_latency,7.6359,0.7065,7.3262,7.9455,6.6934,9.1853,7.391,20
3,100,PSO,avg_utilization,0.4929,0.0885,0.4542,0.5317,0.3481,0.679,0.4728,20
3,100,PSO,load_balance_std,0.2937,0.0672,0.2643,0.3232,0.1569,0.3673,0.3142,20
3,100,RL,makespan,31.865,2.0833,30.9519,32.7781,27.3,35.0,31.95,20
3,100,RL,avg_e2e_latency,7.3229,0.6679,7.0302,7.6156,5.9913,8.4444,7.3434,20
3,100,RL,avg_utilization,0.4362,0.0941,0.395,0.4774,0.3106,0.6375,0.4169,20
3,100,RL,load_balance_std,0.318,0.0681,0.2882,0.3479,0.1737,0.4108,0.3466,20
3,100,RoundRobin,makespan,63.745,11.5982,58.6619,68.8281,46.6,95.7,62.15,20
3,100,RoundRobin,avg_e2e_latency,10.663,1.0396,10.2073,11.1186,8.5093,13.3569,10.7302,20
3,100,RoundRobin,avg_utilization,0.4363,0.081,0.4008,0.4718,0.3245,0.6215,0.4237,20
3,100,RoundRobin,load_balance_std,0.1348,0.083,0.0985,0.1712,0.0098,0.2722,0.1346,20
3,120,GA,makespan,38.31,1.8145,37.5147,39.1053,34.8,40.9,38.4,20
3,120,GA,avg_e2e_latency,8.1649,0.7808,7.8227,8.5071,6.9318,9.845,8.354,20
3,120,GA,avg_utilization,0.4681,0.076,0.4348,0.5014,0.3455,0.6118,0.4585,20
3,120,GA,load_balance_std,0.3216,0.0606,0.295,0.3482,0.1911,0.3906,0.3534,20
3,120,HEFT,makespan,40.21,2.9633,38.9113,41.5087,36.2,46.7,39.8,20
3,120,HEFT,avg_e2e_latency,9.265,0.7801,8.9231,9.6069,7.8237,10.4614,9.442,20
3,120,HEFT,avg_utilization,0.5174,0.0554,0.4931,0.5416,0.4431,0.6142,0.5067,20
3,120,HEFT,load_balance_std,0.3021,0.0591,0.2762,0.328,0.201,0.3647,0.3148,20
3,120,PSO,makespan,38.495,2.3832,37.4505,39.5395,33.8,42.9,38.9,20
3,120,PSO,avg_e2e_latency,8.1426,0.8088,7.7881,8.4971,6.9523,9.8953,8.0354,20
3,120,PSO,avg_utilization,0.5006,0.0897,0.4612,0.5399,0.3691,0.6716,0.4894,20
3,120,PSO,load_balance_std,0.2874,0.0688,0.2573,0.3176,0.1641,0.3701,0.298,20
3,120,RL,makespan,38.04,2.4014,36.9875,39.0925,31.6,41.7,38.3,20
3,120,RL,avg_e2e_latency,8.2407,0.7368,7.9178,8.5635,7.1453,9.6718,8.2629,20
3,120,RL,avg_utilization,0.4634,0.0772,0.4296,0.4972,0.3521,0.5886,0.4375,20
3,120,RL,load_balance_std,0.3162,0.0615,0.2892,0.3431,0.2085,0.3779,0.3535,20
3,120,RoundRobin,makespan,85.69,25.8779,74.3485,97.0315,56.5,167.5,78.6,20
3,120,RoundRobin,avg_e2e_latency,11.7158,1.073,11.2455,12.1861,10.051,14.3313,11.6388,20
3,120,RoundRobin,avg_utilization,0.4669,0.0661,0.438,0.4959,0.3045,0.5845,0.4728,20
3,120,RoundRobin,load_balance_std,0.1176,0.0577,0.0923,0.1429,0.0241,0.2025,0.1283,20
3,140,GA,makespan,44.555,2.094,43.6373,45.4727,39.7,48.3,44.5,20
3,140,GA,avg_e2e_latency,8.8334,0.7769,8.4929,9.1739,7.2988,10.2569,8.791,20
3,140,GA,avg_utilization,0.5179,0.057,0.493,0.5429,0.4241,0.6528,0.5094,20
3,140,GA,load_balance_std,0.3084,0.0656,0.2796,0.3371,0.1849,0.3759,0.3042,20
3,140,HEFT,makespan,47.87,4.9642,45.6943,50.0457,41.7,58.0,47.1,20
3,140,HEFT,avg_e2e_latency,9.8054,0.6609,9.5158,10.0951,8.2843,11.0605,9.7446,20
3,140,HEFT,avg_utilization,0.5452,0.0738,0.5129,0.5775,0.4436,0.7064,0.5291,20
3,140,HEFT,load_balance_std,0.2645,0.0726,0.2326,0.2963,0.1653,0.378,0.2542,20
3,140,PSO,makespan,45.425,3.3133,43.9729,46.8771,40.6,55.6,45.1,20
3,140,PSO,avg_e2e_latency,8.7418,1.076,8.2703,9.2134,7.2243,11.5276,8.778,20
3,140,PSO,avg_utilization,0.5317,0.0887,0.4928,0.5706,0.3871,0.6677,0.5373,20
3,140,PSO,load_balance_std,0.2754,0.0684,0.2454,0.3054,0.1645,0.3718,0.2603,20
3,140,RL,makespan,44.025,2.7539,42.818,45.232,37.4,50.3,44.1,20
3,140,RL,avg_e2e_latency,8.9597,0.891,8.5692,9.3501,7.1216,10.4703,8.8931,20
3,140,RL,avg_utilization,0.5099,0.0758,0.4767,0.5431,0.3785,0.6445,0.4908,20
3,140,RL,load_balance_std,0.3092,0.0677,0.2796,0.3389,0.1832,0.3857,0.3359,20
3,140,RoundRobin,makespan,119.13,74.3317,86.5527,151.7073,70.2,418.7,99.4,20
3,140,RoundRobin,avg_e2e_latency,13.5252,3.5365,11.9752,15.0751,10.712,27.2376,12.6925,20
3,140,RoundRobin,avg_utilization,0.4802,0.0536,0.4567,0.5036,0.3428,0.5544,0.487,20
3,140,RoundRobin,load_balance_std,0.1311,0.0495,0.1094,0.1528,0.0385,0.2329,0.1161,20
3,160,GA,makespan,50.45,2.1165,49.5224,51.3776,46.3,53.6,50.75,20
3,160,GA,avg_e2e_latency,9.3193,0.7801,8.9774,9.6612,8.0126,11.01,9.048,20
3,160,GA,avg_utilization,0.5395,0.0641,0.5114,0.5676,0.453,0.6652,0.5174,20
3,160,GA,load_balance_std,0.2984,0.0758,0.2651,0.3316,0.1507,0.3745,0.314,20
3,160,HEFT,makespan,58.78,12.1,53.4769,64.0831,47.8,92.3,53.85,20
3,160,HEFT,avg_e2e_latency,10.0034,0.8097,9.6486,10.3583,8.5727,11.6082,10.01,20
3,160,HEFT,avg_utilization,0.5625,0.0589,0.5367,0.5883,0.455,0.6494,0.5626,20
3,160,HEFT,load_balance_std,0.2178,0.0988,0.1745,0.2611,0.0363,0.3671,0.2221,20
3,160,PSO,makespan,52.405,4.3832,50.484,54.326,48.1,67.7,51.5,20
3,160,PSO,avg_e2e_latency,9.1216,1.0263,8.6718,9.5714,7.5169,11.3601,9.0453,20
3,160,PSO,avg_utilization,0.5274,0.0801,0.4923,0.5625,0.393,0.6798,0.5424,20
3,160,PSO,load_balance_std,0.2778,0.0664,0.2487,0.3069,0.1536,0.3724,0.2717,20
3,160,RL,makespan,50.4,2.8771,49.139,51.661,44.4,58.2,49.95,20
3,160,RL,avg_e2e_latency,9.4317,0.8462,9.0609,9.8026,8.2272,11.765,9.1219,20
3,160,RL,avg_utilization,0.5251,0.0574,0.4999,0.5502,0.4315,0.6349,0.5384,20
3,160,RL,load_balance_std,0.2993,0.0624,0.272,0.3267,0.1841,0.3702,0.2915,20
3,160,RoundRobin,makespan,149.245,85.3895,111.8214,186.6686,89.6,476.7,129.5,20
3,160,RoundRobin,avg_e2e_latency,14.8384,3.4628,13.3208,16.356,11.1557,28.0143,13.9964,20
3,160,RoundRobin,avg_utilization,0.495,0.0541,0.4713,0.5187,0.3251,0.552,0.5057,20
3,160,RoundRobin,load_balance_std,0.1499,0.0284,0.1375,0.1624,0.0879,0.1997,0.1527,20
3,180,GA,makespan,56.645,2.5436,55.5302,57.7598,52.3,61.2,56.85,20
3,180,GA,avg_e2e_latency,9.4766,0.8,9.126,9.8272,8.2825,10.7264,9.3823,20
3,180,GA,avg_utilization,0.5674,0.079,0.5327,0.602,0.4398,0.7315,0.5791,20
3,180,GA,load_balance_std,0.2759,0.0826,0.2397,0.3121,0.1208,0.3782,0.2896,20
3,180,HEFT,makespan,80.775,36.5975,64.7355,96.8145,54.8,187.6,64.5,20
3,180,HEFT,avg_e2e_latency,10.6427,1.8218,9.8443,11.4412,8.826,16.2498,10.1889,20
3,180,HEFT,avg_utilization,0.533,0.0605,0.5065,0.5596,0.4277,0.627,0.5279,20
3,180,HEFT,load_balance_std,0.2089,0.0872,0.1707,0.2471,0.0695,0.3748,0.2117,20
3,180,PSO,makespan,59.79,6.6437,56.8783,62.7017,53.7,78.9,57.65,20
3,180,PSO,avg_e2e_latency,9.53,1.0599,9.0655,9.9945,7.5488,11.156,9.5208,20
3,180,PSO,avg_utilization,0.5366,0.0975,0.4938,0.5793,0.3545,0.7108,0.5589,20
3,180,PSO,load_balance_std,0.2678,0.0685,0.2378,0.2978,0.1267,0.3757,0.263,20
3,180,RL,makespan,56.43,3.4025,54.9388,57.9212,49.4,67.0,56.05,20
3,180,RL,avg_e2e_latency,9.6489,0.7785,9.3077,9.9901,8.6031,11.4325,9.5617,20
3,180,RL,avg_utilization,0.5379,0.064,0.5099,0.566,0.4485,0.6539,0.5295,20
3,180,RL,load_balance_std,0.2973,0.0738,0.265,0.3296,0.1379,0.3815,0.3044,20
3,180,RoundRobin,makespan,214.99,140.8638,153.2537,276.7263,104.2,663.6,163.8,20
3,180,RoundRobin,avg_e2e_latency,16.9933,5.38,14.6354,19.3512,12.4782,35.8213,15.7664,20
3,180,RoundRobin,avg_utilization,0.4638,0.0646,0.4355,0.4921,0.3036,0.5595,0.4719,20
3,180,RoundRobin,load_balance_std,0.1614,0.0315,0.1476,0.1752,0.1006,0.2182,0.1643,20
3,200,GA,makespan,63.7,3.4638,62.1819,65.2181,58.8,71.4,63.55,20
3,200,GA,avg_e2e_latency,9.5637,0.7745,9.2242,9.9031,8.398,10.6985,9.4835,20
3,200,GA,avg_utilization,0.5815,0.076,0.5482,0.6148,0.4428,0.6863,0.5886,20
3,200,GA,load_balance_std,0.2532,0.0748,0.2204,0.2859,0.1143,0.3732,0.247,20
3,200,HEFT,makespan,101.82,47.5275,80.9901,122.6499,64.1,235.0,82.05,20
3,200,HEFT,avg_e2e_latency,11.6573,3.1489,10.2772,13.0374,9.0452,20.8018,10.8064,20
3,200,HEFT,avg_utilization,0.5553,0.051,0.5329,0.5776,0.4853,0.667,0.5405,20
3,200,HEFT,load_balance_std,0.1798,0.0907,0.1401,0.2196,0.033,0.3665,0.1814,20
3,200,PSO,makespan,67.885,10.1921,63.4181,72.3519,59.1,100.3,63.9,20
3,200,PSO,avg_e2e_latency,9.983,1.0436,9.5256,10.4404,8.1249,12.1248,9.7373,20
3,200,PSO,avg_utilization,0.603,0.0817,0.5672,0.6388,0.4263,0.7487,0.6157,20
3,200,PSO,load_balance_std,0.2124,0.0873,0.1742,0.2507,0.0635,0.3705,0.2025,20
3,200,RL,makespan,63.845,5.4148,61.4718,66.2182,56.8,84.0,62.65,20
3,200,RL,avg_e2e_latency,9.8412,0.7177,9.5266,10.1557,8.7357,11.7067,9.6573,20
3,200,RL,avg_utilization,0.5593,0.0716,0.5279,0.5907,0.436,0.6883,0.5589,20
3,200,RL,load_balance_std,0.2717,0.0847,0.2345,0.3088,0.095,0.3806,0.2831,20
3,200,RoundRobin,makespan,304.03,204.2227,214.5255,393.5345,121.7,857.0,231.0,20
3,200,RoundRobin,avg_e2e_latency,21.455,11.5231,16.4048,26.5053,12.6145,60.5047,17.7276,20
3,200,RoundRobin,avg_utilization,0.4565,0.0859,0.4189,0.4941,0.3058,0.5695,0.4535,20
3,200,RoundRobin,load_balance_std,0.1902,0.0357,0.1746,0.2059,0.0908,0.2527,0.1942,20
3,220,GA,makespan,72.955,6.9117,69.9258,75.9842,64.4,95.8,71.75,20
3,220,GA,avg_e2e_latency,9.6997,0.7368,9.3768,10.0226,8.3732,11.0317,9.7429,20
3,220,GA,avg_utilization,0.6268,0.0741,0.5944,0.6593,0.4932,0.7579,0.632,20
3,220,GA,load_balance_std,0.1996,0.0806,0.1642,0.2349,0.1047,0.3552,0.1755,20
3,220,HEFT,makespan,145.41,58.7054,119.6812,171.1388,82.3,265.4,123.85,20
3,220,HEFT,avg_e2e_latency,13.4148,3.6482,11.8159,15.0137,10.2608,22.3849,11.9294,20
3,220,HEFT,avg_utilization,0.5504,0.0597,0.5242,0.5766,0.4652,0.6736,0.5449,20
3,220,HEFT,load_balance_std,0.1309,0.0604,0.1045,0.1574,0.0265,0.2261,0.1426,20
3,220,PSO,makespan,78.34,12.8087,72.7263,83.9537,67.2,113.9,72.7,20
3,220,PSO,avg_e2e_latency,10.1315,0.7405,9.807,10.4561,9.0579,11.7482,10.116,20
3,220,PSO,avg_utilization,0.607,0.0798,0.572,0.642,0.4614,0.764,0.6149,20
3,220,PSO,load_balance_std,0.1833,0.0867,0.1452,0.2213,0.0278,0.3512,0.1904,20
3,220,RL,makespan,70.83,7.6341,67.4842,74.1758,62.9,99.8,69.3,20
3,220,RL,avg_e2e_latency,9.9895,0.8812,9.6033,10.3757,8.8735,12.3724,9.877,20
3,220,RL,avg_utilization,0.5878,0.0904,0.5482,0.6274,0.4749,0.7674,0.5606,20
3,220,RL,load_balance_std,0.2446,0.0966,0.2023,0.287,0.0693,0.3858,0.2641,20
3,220,RoundRobin,makespan,446.81,248.5364,337.8841,555.7359,165.7,1021.3,332.2,20
3,220,RoundRobin,avg_e2e_latency,25.6813,12.1101,20.3738,30.9888,12.8299,62.7256,21.7356,20
3,220,RoundRobin,avg_utilization,0.4212,0.0801,0.3861,0.4563,0.2975,0.5249,0.4483,20
3,220,RoundRobin,load_balance_std,0.2126,0.0287,0.2,0.2251,0.1219,0.2462,0.2148,20
3,240,GA,makespan,87.185,12.2995,81.7945,92.5755,72.3,120.4,82.1,20
3,240,GA,avg_e2e_latency,10.0787,0.6009,9.8154,10.3421,8.9673,11.0175,10.2079,20
3,240,GA,avg_utilization,0.6275,0.0642,0.5993,0.6556,0.4998,0.7289,0.6218,20
3,240,GA,load_balance_std,0.1467,0.0928,0.106,0.1874,0.0239,0.3401,0.1335,20
3,240,HEFT,makespan,205.205,73.3818,173.044,237.366,117.2,372.7,184.95,20
3,240,HEFT,avg_e2e_latency,16.0855,4.1318,14.2746,17.8963,11.7914,26.5533,14.4667,20
3,240,HEFT,avg_utilization,0.5374,0.0583,0.5119,0.5629,0.4412,0.651,0.5426,20
3,240,HEFT,load_balance_std,0.1416,0.0516,0.119,0.1642,0.0602,0.2149,0.1416,20
3,240,PSO,makespan,88.01,14.5054,81.6527,94.3673,73.4,126.0,82.45,20
3,240,PSO,avg_e2e_latency,10.2846,0.6505,9.9995,10.5697,9.3624,11.4923,10.3219,20
3,240,PSO,avg_utilization,0.6213,0.0758,0.5881,0.6545,0.5001,0.7558,0.6272,20
3,240,PSO,load_balance_std,0.1521,0.0656,0.1234,0.1809,0.0435,0.3088,0.1507,20
3,240,RL,makespan,79.465,12.642,73.9244,85.0056,68.7,126.9,76.45,20
3,240,RL,avg_e2e_latency,10.0599,0.7256,9.7419,10.378,8.7772,11.9664,10.1287,20
3,240,RL,avg_utilization,0.5983,0.0934,0.5574,0.6392,0.4684,0.7555,0.5702,20
3,240,RL,load_balance_std,0.2226,0.1087,0.175,0.2702,0.0377,0.3863,0.2187,20
3,240,RoundRobin,makespan,565.915,250.5912,456.0886,675.7414,278.9,1120.0,453.3,20
3,240,RoundRobin,avg_e2e_latency,30.7352,15.3676,24.0001,37.4704,15.9875,78.1263,25.1489,20
3,240,RoundRobin,avg_utilization,0.3906,0.0639,0.3626,0.4186,0.2969,0.5053,0.4007,20
3,240,RoundRobin,load_balance_std,0.2247,0.0226,0.2148,0.2347,0.1695,0.2561,0.2299,20
3,260,GA,makespan,104.39,14.8451,97.8838,110.8962,82.9,142.6,100.45,20
3,260,GA,avg_e2e_latency,10.4445,0.7534,10.1143,10.7748,9.1589,12.055,10.5309,20
3,260,GA,avg_utilization,0.6316,0.0463,0.6113,0.6519,0.5452,0.6986,0.6338,20
3,260,GA,load_balance_std,0.0943,0.0548,0.0703,0.1183,0.0183,0.2268,0.0861,20
3,260,HEFT,makespan,293.7,105.0073,247.6785,339.7215,151.5,565.8,269.6,20
3,260,HEFT,avg_e2e_latency,19.0627,4.9635,16.8874,21.238,13.7475,30.6144,16.9061,20
3,260,HEFT,avg_utilization,0.4948,0.0734,0.4627,0.527,0.3825,0.6326,0.5022,20
3,260,HEFT,load_balance_std,0.1777,0.0295,0.1648,0.1906,0.0938,0.2267,0.1772,20
3,260,PSO,makespan,108.06,22.287,98.2923,117.8277,80.6,155.1,105.4,20
3,260,PSO,avg_e2e_latency,10.4952,0.5966,10.2337,10.7567,9.3098,11.6071,10.5272,20
3,260,PSO,avg_utilization,0.5998,0.0838,0.5631,0.6366,0.3864,0.744,0.6009,20
3,260,PSO,load_balance_std,0.1212,0.0537,0.0976,0.1447,0.0314,0.2185,0.1188,20
3,260,RL,makespan,92.555,18.8639,84.2875,100.8225,75.4,156.6,86.6,20
3,260,RL,avg_e2e_latency,10.1602,0.6967,9.8549,10.4656,9.0401,11.482,10.0931,20
3,260,RL,avg_utilization,0.6088,0.0865,0.5709,0.6467,0.4694,0.7246,0.6407,20
3,260,RL,load_balance_std,0.1893,0.0961,0.1472,0.2314,0.0131,0.364,0.1634,20
3,260,RoundRobin,makespan,702.885,269.4343,584.8002,820.9698,330.7,1294.1,590.35,20
3,260,RoundRobin,avg_e2e_latency,36.1868,16.9036,28.7785,43.5952,19.7839,80.6146,30.9642,20
3,260,RoundRobin,avg_utilization,0.3763,0.057,0.3513,0.4013,0.2953,0.4876,0.3822,20
3,260,RoundRobin,load_balance_std,0.2418,0.0163,0.2346,0.2489,0.2012,0.271,0.2407,20
3,280,GA,makespan,131.56,18.0325,123.6569,139.4631,105.3,177.8,130.8,20
3,280,GA,avg_e2e_latency,10.9964,0.9576,10.5767,11.4161,9.7816,13.45,10.7913,20
3,280,GA,avg_utilization,0.5961,0.0372,0.5798,0.6124,0.5179,0.6508,0.6021,20
3,280,GA,load_balance_std,0.0688,0.0455,0.0488,0.0887,0.0124,0.1787,0.0602,20
3,280,HEFT,makespan,413.33,111.9025,364.2865,462.3735,209.6,639.3,399.9,20
3,280,HEFT,avg_e2e_latency,21.7558,5.6656,19.2727,24.2388,15.6648,37.7652,19.9445,20
3,280,HEFT,avg_utilization,0.45,0.0593,0.424,0.476,0.3603,0.5646,0.4459,20
3,280,HEFT,load_balance_std,0.2075,0.018,0.1996,0.2154,0.1562,0.2378,0.2114,20
3,280,PSO,makespan,136.04,33.952,121.1599,150.9201,90.8,205.1,135.45,20
3,280,PSO,avg_e2e_latency,10.9539,0.7448,10.6275,11.2803,9.6535,12.1081,11.0577,20
3,280,PSO,avg_utilization,0.5697,0.0684,0.5397,0.5996,0.4509,0.6943,0.5754,20
3,280,PSO,load_balance_std,0.0917,0.0402,0.074,0.1093,0.0117,0.1937,0.0947,20
3,280,RL,makespan,115.98,24.2497,105.3521,126.6079,87.1,178.1,111.95,20
3,280,RL,avg_e2e_latency,10.4271,0.9835,9.9961,10.8581,8.8595,13.4722,10.3173,20
3,280,RL,avg_utilization,0.6103,0.0678,0.5806,0.64,0.4777,0.7233,0.621,20
3,280,RL,load_balance_std,0.1045,0.0634,0.0767,0.1323,0.0131,0.2605,0.0888,20
3,280,RoundRobin,makespan,858.215,299.0552,727.1483,989.2817,408.5,1495.6,731.1,20
3,280,RoundRobin,avg_e2e_latency,41.2686,17.8576,33.4422,49.0951,22.1964,84.5954,34.7026,20
3,280,RoundRobin,avg_utilization,0.3615,0.0523,0.3386,0.3844,0.295,0.4846,0.3461,20
3,280,RoundRobin,load_balance_std,0.2487,0.0151,0.242,0.2553,0.2149,0.2741,0.2524,20
3,300,GA,makespan,202.19,34.8014,186.9376,217.4424,161.6,263.3,190.45,20
3,300,GA,avg_e2e_latency,11.2536,0.8044,10.9011,11.6062,10.2949,13.6099,11.2337,20
3,300,GA,avg_utilization,0.4606,0.0579,0.4352,0.486,0.3525,0.5729,0.4775,20
3,300,GA,load_balance_std,0.0527,0.0255,0.0415,0.0639,0.0193,0.099,0.049,20
3,300,HEFT,makespan,692.54,113.8025,642.6638,742.4162,487.1,903.2,683.9,20
3,300,HEFT,avg_e2e_latency,26.0631,6.0323,23.4193,28.7069,18.0802,40.7117,26.2737,20
3,300,HEFT,avg_utilization,0.3626,0.0303,0.3493,0.3759,0.325,0.4349,0.3577,20
3,300,HEFT,load_balance_std,0.2295,0.0214,0.2202,0.2389,0.1845,0.261,0.2375,20
3,300,PSO,makespan,194.455,50.7589,172.2089,216.7011,124.3,308.2,182.6,20
3,300,PSO,avg_e2e_latency,11.1296,0.851,10.7566,11.5026,9.4276,12.7913,11.3011,20
3,300,PSO,avg_utilization,0.4568,0.062,0.4297,0.484,0.3483,0.5955,0.4499,20
3,300,PSO,load_balance_std,0.0955,0.032,0.0814,0.1095,0.0259,0.1526,0.0952,20
3,300,RL,makespan,221.09,75.6492,187.9353,254.2447,140.3,413.7,196.0,20
3,300,RL,avg_e2e_latency,11.0581,1.1842,10.5391,11.5771,8.984,13.5971,10.8436,20
3,300,RL,avg_utilization,0.4734,0.0824,0.4372,0.5095,0.3315,0.6081,0.4926,20
3,300,RL,load_balance_std,0.0955,0.0483,0.0743,0.1166,0.0252,0.1797,0.0904,20
3,300,RoundRobin,makespan,1136.735,337.2356,988.935,1284.535,610.7,1842.5,996.9,20
3,300,RoundRobin,avg_e2e_latency,46.2099,20.6523,37.1586,55.2612,23.4503,96.7831,36.3192,20
3,300,RoundRobin,avg_utilization,0.33,0.0383,0.3132,0.3468,0.2802,0.4167,0.3282,20
3,300,RoundRobin,load_balance_std,0.2494,0.0135,0.2435,0.2554,0.2162,0.2695,0.2496,20
5,20,GA,makespan,8.325,1.2087,7.7953,8.8547,6.0,10.0,8.55,20
5,20,GA,avg_e2e_latency,4.0495,1.0,3.6112,4.4877,2.4142,5.6085,4.0552,20
5,20,GA,avg_utilization,0.1238,0.0209,0.1147,0.133,0.0924,0.1638,0.1207,20
5,20,GA,load_balance_std,0.2347,0.0351,0.2193,0.2501,0.1786,0.3017,0.2364,20
5,20,HEFT,makespan,8.675,0.9358,8.2649,9.0851,6.6,9.8,8.9,20
5,20,HEFT,avg_e2e_latency,4.5581,0.8811,4.1719,4.9443,2.6281,6.0311,4.6052,20
5,20,HEFT,avg_utilization,0.1181,0.0166,0.1108,0.1254,0.0796,0.142,0.1216,20
5,20,HEFT,load_balance_std,0.221,0.0306,0.2076,0.2344,0.1591,0.284,0.2193,20
5,20,PSO,makespan,9.035,1.8132,8.2403,9.8297,6.3,13.5,8.65,20
5,20,PSO,avg_e2e_latency,4.0654,0.9277,3.6588,4.472,2.2698,5.8265,4.2359,20
5,20,PSO,avg_utilization,0.105,0.0238,0.0946,0.1154,0.0737,0.1618,0.1008,20
5,20,PSO,load_balance_std,0.2005,0.0439,0.1812,0.2197,0.1474,0.3236,0.1903,20
5,20,RL,makespan,7.805,1.0501,7.3448,8.2652,5.4,9.5,7.75,20
5,20,RL,avg_e2e_latency,3.8423,0.7615,3.5086,4.1761,2.3618,4.9547,3.8832,20
5,20,RL,avg_utilization,0.1082,0.0179,0.1003,0.1161,0.0759,0.1447,0.1082,20
5,20,RL,load_balance_std,0.2108,0.0327,0.1964,0.2251,0.1518,0.2681,0.2102,20
5,20,RoundRobin,makespan,15.01,1.7038,14.2633,15.7567,11.1,19.4,15.05,20
5,20,RoundRobin,avg_e2e_latency,7.072,0.8327,6.7071,7.437,5.0205,8.5063,6.9978,20
5,20,RoundRobin,avg_utilization,0.1141,0.0296,0.1011,0.1271,0.0683,0.1758,0.1137,20
5,20,RoundRobin,load_balance_std,0.1405,0.0181,0.1325,0.1484,0.1103,0.1721,0.1361,20
5,40,GA,makespan,14.085,1.3104,13.5107,14.6593,11.9,16.9,14.15,20
5,40,GA,avg_e2e_latency,5.0666,0.6417,4.7854,5.3478,3.9715,6.2326,5.1871,20
5,40,GA,avg_utilization,0.188,0.0286,0.1755,0.2006,0.1456,0.2526,0.1839,20
5,40,GA,load_balance_std,0.2848,0.0143,0.2785,0.2911,0.2615,0.3122,0.2831,20
5,40,HEFT,makespan,14.615,1.5024,13.9566,15.2734,11.9,17.0,14.6,20
5,40,HEFT,avg_e2e_latency,5.6139,0.63,5.3378,5.89,4.5639,6.7585,5.4992,20
5,40,HEFT,avg_utilization,0.1964,0.0288,0.1838,0.209,0.1486,0.2366,0.207,20
5,40,HEFT,load_balance_std,0.2816,0.0171,0.2741,0.2891,0.2492,0.3094,0.2845,20
5,40,PSO,makespan,15.19,1.7882,14.4063,15.9737,12.3,19.9,15.15,20
5,40,PSO,avg_e2e_latency,5.192,0.5468,4.9523,5.4316,3.868,6.151,5.0766,20
5,40,PSO,avg_utilization,0.1709,0.0324,0.1567,0.1851,0.1139,0.2385,0.1734,20
5,40,PSO,load_balance_std,0.2601,0.0323,0.246,0.2743,0.1942,0.3101,0.26,20
5,40,RL,makespan,13.365,1.3558,12.7708,13.9592,10.7,15.5,13.35,20
5,40,RL,avg_e2e_latency,4.9087,0.5521,4.6667,5.1507,4.0692,5.9636,4.7442,20
5,40,RL,avg_utilization,0.1702,0.0288,0.1576,0.1829,0.1347,0.2275,0.1613,20
5,40,RL,load_balance_std,0.2883,0.0128,0.2826,0.2939,0.2644,0.3184,0.2901,20
5,40,RoundRobin,makespan,25.365,2.7308,24.1682,26.5618,20.3,30.5,25.45,20
5,40,RoundRobin,avg_e2e_latency,9.3128,1.0362,8.8587,9.767,7.4733,11.2949,9.2208,20
5,40,RoundRobin,avg_utilization,0.1789,0.0389,0.1619,0.196,0.1248,0.2594,0.1753,20
5,40,RoundRobin,load_balance_std,0.1672,0.0299,0.1541,0.1803,0.0748,0.2108,0.1764,20
5,60,GA,makespan,19.875,1.6009,19.1734,20.5766,16.9,23.0,19.65,20
5,60,GA,avg_e2e_latency,5.6802,0.4973,5.4622,5.8981,4.7217,6.5062,5.8395,20
5,60,GA,avg_utilization,0.2195,0.0425,0.2009,0.2382,0.1551,0.3467,0.2178,20
5,60,GA,load_balance_std,0.3078,0.0166,0.3005,0.3151,0.2843,0.3329,0.3059,20
5,60,HEFT,makespan,21.03,1.6323,20.3146,21.7454,17.6,23.9,21.25,20
5,60,HEFT,avg_e2e_latency,6.2893,0.6293,6.0135,6.5652,5.3057,7.4204,6.1958,20
5,60,HEFT,avg_utilization,0.236,0.0418,0.2177,0.2544,0.1813,0.3254,0.2305,20
5,60,HEFT,load_balance_std,0.2994,0.0142,0.2932,0.3057,0.269,0.3256,0.2994,20
5,60,PSO,makespan,20.955,2.4886,19.8643,22.0457,16.9,27.1,20.45,20
5,60,PSO,avg_e2e_latency,5.8522,0.5965,5.5908,6.1136,4.88,7.1004,5.8155,20
5,60,PSO,avg_utilization,0.2353,0.0522,0.2124,0.2581,0.1464,0.3356,0.225,20
5,60,PSO,load_balance_std,0.2867,0.0274,0.2747,0.2987,0.2124,0.3273,0.293,20
5,60,RL,makespan,19.165,1.2398,18.6216,19.7084,16.4,20.9,19.4,20
5,60,RL,avg_e2e_latency,5.5035,0.4661,5.2992,5.7078,4.5869,6.2173,5.4602,20
5,60,RL,avg_utilization,0.2052,0.0372,0.1889,0.2215,0.158,0.2795,0.2022,20
5,60,RL,load_balance_std,0.31,0.016,0.303,0.317,0.2816,0.3379,0.3086,20
5,60,RoundRobin,makespan,35.85,3.7271,34.2165,37.4835,30.6,43.8,35.75,20
5,60,RoundRobin,avg_e2e_latency,10.8266,1.1883,10.3058,11.3474,8.7317,13.36,10.8797,20
5,60,RoundRobin,avg_utilization,0.2547,0.0659,0.2258,0.2835,0.1738,0.4171,0.2394,20
5,60,RoundRobin,load_balance_std,0.185,0.0315,0.1712,0.1988,0.1236,0.237,0.19,20
5,80,GA,makespan,25.905,1.7425,25.1413,26.6687,22.6,29.3,26.2,20
5,80,GA,avg_e2e_latency,6.7026,0.652,6.4169,6.9884,5.4915,7.6312,6.6721,20
5,80,GA,avg_utilization,0.2795,0.0546,0.2556,0.3034,0.1907,0.4221,0.28,20
5,80,GA,load_balance_std,0.3128,0.0134,0.3069,0.3186,0.2819,0.3314,0.3118,20
5,80,HEFT,makespan,27.33,2.8262,26.0914,28.5686,22.9,34.3,26.9,20
5,80,HEFT,avg_e2e_latency,7.3854,0.7561,7.054,7.7168,6.2409,8.9616,7.2946,20
5,80,HEFT,avg_utilization,0.3291,0.0582,0.3036,0.3545,0.2487,0.4292,0.3405,20
5,80,HEFT,load_balance_std,0.2904,0.0299,0.2773,0.3035,0.224,0.3265,0.2988,20
5,80,PSO,makespan,27.66,2.7056,26.4742,28.8458,23.0,32.5,27.05,20
5,80,PSO,avg_e2e_latency,6.4962,0.678,6.1991,6.7933,5.031,7.5368,6.4715,20
5,80,PSO,avg_utilization,0.2895,0.0697,0.259,0.3201,0.177,0.4458,0.286,20
5,80,PSO,load_balance_std,0.2783,0.0334,0.2636,0.2929,0.1972,0.3464,0.2814,20
5,80,RL,makespan,25.235,1.5181,24.5697,25.9003,21.1,27.5,25.6,20
5,80,RL,avg_e2e_latency,6.3151,0.5222,6.0862,6.544,5.0551,7.0567,6.3089,20
5,80,RL,avg_utilization,0.2485,0.0452,0.2287,0.2684,0.1843,0.3363,0.2475,20
5,80,RL,load_balance_std,0.3197,0.019,0.3113,0.328,0.2784,0.3468,0.3188,20
5,80,RoundRobin,makespan,45.845,4.2942,43.963,47.727,39.3,54.5,44.85,20
5,80,RoundRobin,avg_e2e_latency,11.9506,1.393,11.3401,12.5611,9.5372,15.2988,11.6905,20
5,80,RoundRobin,avg_utilization,0.3195,0.0632,0.2918,0.3472,0.2406,0.4716,0.3134,20
5,80,RoundRobin,load_balance_std,0.2077,0.0444,0.1883,0.2272,0.0892,0.2675,0.2229,20
5,100,GA,makespan,31.57,1.8376,30.7646,32.3754,28.5,35.3,31.65,20
5,100,GA,avg_e2e_latency,7.6898,0.7906,7.3433,8.0363,6.0392,9.0701,7.7785,20
5,100,GA,avg_utilization,0.3346,0.0564,0.3098,0.3593,0.2354,0.4227,0.3329,20
5,100,GA,load_balance_std,0.3099,0.0245,0.2992,0.3207,0.2412,0.3416,0.3177,20
5,100,HEFT,makespan,34.96,5.134,32.7099,37.2101,29.4,49.9,34.3,20
5,100,HEFT,avg_e2e_latency,8.684,0.8632,8.3057,9.0624,6.9133,10.0519,8.68,20
5,100,HEFT,avg_utilization,0.3902,0.0464,0.3698,0.4105,0.3133,0.4978,0.3873,20
5,100,HEFT,load_balance_std,0.2698,0.0309,0.2562,0.2833,0.2045,0.3146,0.2762,20
5,100,PSO,makespan,34.05,3.4338,32.5451,35.5549,28.8,41.4,33.25,20
5,100,PSO,avg_e2e_latency,7.2127,0.7376,6.8894,7.536,6.1953,9.0698,7.0866,20
5,100,PSO,avg_utilization,0.3515,0.0704,0.3207,0.3823,0.208,0.5417,0.35,20
5,100,PSO,load_balance_std,0.2729,0.0403,0.2552,0.2906,0.1698,0.3344,0.2823,20
5,100,RL,makespan,31.235,1.7297,30.4769,31.9931,28.3,34.8,31.15,20
5,100,RL,avg_e2e_latency,7.4874,0.7043,7.1787,7.7961,5.7006,8.8936,7.538,20
5,100,RL,avg_utilization,0.3026,0.0704,0.2717,0.3334,0.2201,0.4343,0.2818,20
5,100,RL,load_balance_std,0.3143,0.0154,0.3076,0.3211,0.2743,0.3364,0.3155,20
5,100,RoundRobin,makespan,56.815,5.956,54.2047,59.4253,48.2,71.7,54.3,20
5,100,RoundRobin,avg_e2e_latency,12.3677,1.3753,11.765,12.9704,10.73,16.0475,12.1989,20
5,100,RoundRobin,avg_utilization,0.3613,0.0883,0.3226,0.4,0.2599,0.6215,0.3373,20
5,100,RoundRobin,load_balance_std,0.2042,0.0434,0.1852,0.2232,0.1152,0.2544,0.2209,20
5,120,GA,makespan,37.63,2.372,36.5904,38.6696,34.7,45.0,37.95,20
5,120,GA,avg_e2e_latency,8.2843,0.9987,7.8466,8.722,6.124,9.9632,8.3524,20
5,120,GA,avg_utilization,0.3748,0.0632,0.3471,0.4025,0.2898,0.5205,0.361,20
5,120,GA,load_balance_std,0.3112,0.0247,0.3004,0.3221,0.2431,0.3428,0.3152,20
5,120,HEFT,makespan,44.645,9.1847,40.6196,48.6704,36.7,66.1,41.65,20
5,120,HEFT,avg_e2e_latency,9.7349,0.9385,9.3236,10.1463,7.6539,11.2248,9.7558,20
5,120,HEFT,avg_utilization,0.4282,0.052,0.4054,0.451,0.3537,0.5557,0.4277,20
5,120,HEFT,load_balance_std,0.2558,0.0443,0.2364,0.2752,0.1764,0.3423,0.2609,20
5,120,PSO,makespan,40.375,4.0784,38.5876,42.1624,34.8,49.1,39.2,20
5,120,PSO,avg_e2e_latency,7.7809,1.0023,7.3416,8.2202,6.1725,10.3341,7.5648,20
5,120,PSO,avg_utilization,0.3885,0.067,0.3591,0.4178,0.2526,0.5226,0.376,20
5,120,PSO,load_balance_std,0.2755,0.0391,0.2583,0.2926,0.198,0.333,0.2783,20
5,120,RL,makespan,36.895,1.7632,36.1222,37.6678,33.6,39.3,36.55,20
5,120,RL,avg_e2e_latency,8.5715,0.9542,8.1533,8.9897,6.7769,10.6952,8.3455,20
5,120,RL,avg_utilization,0.3423,0.072,0.3107,0.3738,0.2268,0.4628,0.3191,20
5,120,RL,load_balance_std,0.3145,0.0181,0.3065,0.3224,0.2805,0.3541,0.3164,20
5,120,RoundRobin,makespan,70.1,8.0385,66.577,73.623,55.6,87.5,68.7,20
5,120,RoundRobin,avg_e2e_latency,12.9674,1.0476,12.5082,13.4265,11.4273,15.3076,12.6638,20
5,120,RoundRobin,avg_utilization,0.3959,0.0692,0.3656,0.4262,0.2928,0.5662,0.3976,20
5,120,RoundRobin,load_balance_std,0.1931,0.058,0.1676,0.2185,0.0713,0.2673,0.2014,20
5,140,GA,makespan,44.045,3.3737,42.5664,45.5236,40.0,56.2,43.55,20
5,140,GA,avg_e2e_latency,8.8285,0.8971,8.4353,9.2217,6.8437,10.6363,8.8527,20
5,140,GA,avg_utilization,0.4211,0.0574,0.3959,0.4462,0.3446,0.5164,0.4015,20
5,140,GA,load_balance_std,0.296,0.0428,0.2773,0.3148,0.1812,0.3521,0.2935,20
5,140,HEFT,makespan,58.46,16.7433,51.1219,65.7981,42.2,94.2,52.45,20
5,140,HEFT,avg_e2e_latency,10.6551,1.3706,10.0544,11.2558,8.5689,14.4199,10.4046,20
5,140,HEFT,avg_utilization,0.4649,0.0578,0.4396,0.4902,0.348,0.5736,0.4671,20
5,140,HEFT,load_balance_std,0.2137,0.066,0.1848,0.2426,0.0683,0.2972,0.2322,20
5,140,PSO,makespan,46.85,5.3732,44.4951,49.2049,39.8,59.7,45.05,20
5,140,PSO,avg_e2e_latency,8.0722,1.1292,7.5773,8.5671,6.9608,11.3426,7.7157,20
5,140,PSO,avg_utilization,0.4161,0.0645,0.3878,0.4444,0.3126,0.5708,0.4114,20
5,140,PSO,load_balance_std,0.2741,0.047,0.2535,0.2947,0.1808,0.3419,0.2777,20
5,140,RL,makespan,42.48,1.9319,41.6333,43.3267,39.6,45.6,41.9,20
5,140,RL,avg_e2e_latency,9.0293,0.8735,8.6465,9.4122,7.334,10.7471,8.7576,20
5,140,RL,avg_utilization,0.3806,0.068,0.3508,0.4104,0.2394,0.5313,0.3762,20
5,140,RL,load_balance_std,0.3173,0.0367,0.3013,0.3334,0.1925,0.3542,0.3325,20
5,140,RoundRobin,makespan,84.89,10.5473,80.2674,89.5126,67.3,115.5,83.5,20
5,140,RoundRobin,avg_e2e_latency,13.8265,1.0278,13.3761,14.277,12.0238,15.9052,13.7554,20
5,140,RoundRobin,avg_utilization,0.4414,0.0682,0.4116,0.4713,0.2979,0.5616,0.438,20
5,140,RoundRobin,load_balance_std,0.1624,0.0706,0.1314,0.1933,0.0319,0.2569,0.1719,20
5,160,GA,makespan,51.45,5.4509,49.061,53.839,45.3,71.3,50.25,20
5,160,GA,avg_e2e_latency,9.0256,0.7973,8.6761,9.375,6.935,10.1071,9.0272,20
5,160,GA,avg_utilization,0.4269,0.0482,0.4058,0.448,0.3537,0.5292,0.4307,20
5,160,GA,load_balance_std,0.2943,0.0458,0.2743,0.3144,0.1593,0.3542,0.2901,20
5,160,HEFT,makespan,73.13,22.8404,63.1197,83.1403,50.6,129.5,66.1,20
5,160,HEFT,avg_e2e_latency,11.6098,2.0045,10.7313,12.4883,9.5318,17.0458,10.6655,20
5,160,HEFT,avg_utilization,0.4908,0.0506,0.4686,0.513,0.4114,0.5807,0.4844,20
5,160,HEFT,load_balance_std,0.1963,0.0749,0.1634,0.2291,0.0676,0.3072,0.202,20
5,160,PSO,makespan,54.31,6.9027,51.2848,57.3352,45.1,70.7,53.7,20
5,160,PSO,avg_e2e_latency,8.3542,1.1921,7.8317,8.8766,7.0839,12.1204,8.1311,20
5,160,PSO,avg_utilization,0.4233,0.0606,0.3968,0.4499,0.312,0.5378,0.423,20
5,160,PSO,load_balance_std,0.269,0.0519,0.2462,0.2917,0.1765,0.3588,0.2775,20
5,160,RL,makespan,48.125,2.0721,47.2169,49.0331,44.6,51.3,48.25,20
5,160,RL,avg_e2e_latency,9.4279,0.8041,9.0755,9.7803,7.8043,10.9371,9.4051,20
5,160,RL,avg_utilization,0.4085,0.0578,0.3831,0.4338,0.3023,0.5056,0.4076,20
5,160,RL,load_balance_std,0.3154,0.0365,0.2994,0.3314,0.2116,0.376,0.3197,20
5,160,RoundRobin,makespan,103.2,14.8078,96.7102,109.6898,78.7,139.0,102.15,20
5,160,RoundRobin,avg_e2e_latency,14.6488,1.1255,14.1555,15.1421,13.1662,16.4623,14.6556,20
5,160,RoundRobin,avg_utilization,0.4807,0.0606,0.4541,0.5073,0.3742,0.6114,0.4683,20
5,160,RoundRobin,load_balance_std,0.1573,0.0524,0.1343,0.1802,0.0697,0.248,0.1403,20
5,180,GA,makespan,59.17,7.2995,55.9709,62.3691,50.4,81.7,57.65,20
5,180,GA,avg_e2e_latency,9.2502,0.8266,8.8879,9.6125,7.2489,10.5988,9.3577,20
5,180,GA,avg_utilization,0.4417,0.048,0.4207,0.4627,0.3577,0.5153,0.443,20
5,180,GA,load_balance_std,0.2805,0.0458,0.2604,0.3006,0.1623,0.3406,0.2848,20
5,180,HEFT,makespan,93.315,30.805,79.8141,106.8159,60.6,158.3,90.0,20
5,180,HEFT,avg_e2e_latency,12.9361,2.9131,11.6594,14.2128,9.4439,19.9268,11.9473,20
5,180,HEFT,avg_utilization,0.4953,0.0464,0.475,0.5157,0.4283,0.6194,0.4988,20
5,180,HEFT,load_balance_std,0.1784,0.0684,0.1484,0.2084,0.0844,0.3044,0.1699,20
5,180,PSO,makespan,61.84,8.3061,58.1997,65.4803,49.6,83.5,61.75,20
5,180,PSO,avg_e2e_latency,8.6834,1.0488,8.2237,9.143,7.265,11.8139,8.3511,20
5,180,PSO,avg_utilization,0.4561,0.0643,0.4279,0.4843,0.3655,0.6078,0.4496,20
5,180,PSO,load_balance_std,0.2631,0.0566,0.2383,0.2879,0.1391,0.3511,0.2728,20
5,180,RL,makespan,54.13,2.2602,53.1394,55.1206,49.7,58.0,54.7,20
5,180,RL,avg_e2e_latency,9.5781,0.6763,9.2817,9.8745,8.276,10.6949,9.3592,20
5,180,RL,avg_utilization,0.4383,0.0531,0.415,0.4616,0.3416,0.5372,0.4396,20
5,180,RL,load_balance_std,0.3085,0.0397,0.2911,0.326,0.2224,0.3599,0.3047,20
5,180,RoundRobin,makespan,130.555,38.6423,113.6193,147.4907,88.3,238.9,122.35,20
5,180,RoundRobin,avg_e2e_latency,15.7232,1.1943,15.1998,16.2466,13.8549,17.9825,15.5877,20
5,180,RoundRobin,avg_utilization,0.5015,0.0628,0.474,0.529,0.4034,0.6124,0.4881,20
5,180,RoundRobin,load_balance_std,0.1499,0.0439,0.1306,0.1691,0.0764,0.2449,0.1454,20
5,200,GA,makespan,68.99,11.0298,64.156,73.824,54.8,98.8,66.35,20
5,200,GA,avg_e2e_latency,9.6449,0.8201,9.2855,10.0044,7.4463,10.7715,9.7006,20
5,200,GA,avg_utilization,0.4631,0.0438,0.4439,0.4823,0.4082,0.5707,0.4534,20
5,200,GA,load_balance_std,0.266,0.0406,0.2483,0.2838,0.1567,0.3209,0.273,20
5,200,HEFT,makespan,115.99,38.391,99.1644,132.8156,72.9,197.7,116.6,20
5,200,HEFT,avg_e2e_latency,14.6551,3.5474,13.1004,16.2098,10.672,21.3561,14.2049,20
5,200,HEFT,avg_utilization,0.5237,0.0467,0.5033,0.5442,0.4433,0.6183,0.5192,20
5,200,HEFT,load_balance_std,0.1606,0.0605,0.134,0.1871,0.058,0.2677,0.1449,20
5,200,PSO,makespan,70.255,9.5026,66.0903,74.4197,57.2,95.3,69.4,20
5,200,PSO,avg_e2e_latency,9.025,1.0206,8.5777,9.4723,7.368,11.5548,8.9826,20
5,200,PSO,avg_utilization,0.4758,0.0538,0.4522,0.4994,0.373,0.5605,0.4649,20
5,200,PSO,load_balance_std,0.2498,0.0693,0.2195,0.2802,0.0896,0.3591,0.2669,20
5,200,RL,makespan,61.04,2.274,60.0434,62.0366,57.5,65.3,60.95,20
5,200,RL,avg_e2e_latency,9.6548,0.6363,9.3759,9.9337,8.485,10.7301,9.6351,20
5,200,RL,avg_utilization,0.4439,0.0643,0.4158,0.4721,0.3544,0.5925,0.4317,20
5,200,RL,load_balance_std,0.3005,0.048,0.2795,0.3215,0.1859,0.3585,0.3015,20
5,200,RoundRobin,makespan,162.78,66.5308,133.6216,191.9384,102.9,338.3,146.1,20
5,200,RoundRobin,avg_e2e_latency,16.576,2.1652,15.6271,17.5249,13.9084,22.5744,15.9986,20
5,200,RoundRobin,avg_utilization,0.4846,0.0557,0.4602,0.5091,0.392,0.5866,0.4954,20
5,200,RoundRobin,load_balance_std,0.1452,0.0413,0.1271,0.1633,0.1078,0.2477,0.129,20
5,220,GA,makespan,80.795,15.9513,73.8041,87.7859,61.5,126.1,75.3,20
5,220,GA,avg_e2e_latency,9.9712,0.8838,9.5838,10.3585,7.7253,11.6742,9.9848,20
5,220,GA,avg_utilization,0.4806,0.0398,0.4631,0.498,0.4065,0.5548,0.4715,20
5,220,GA,load_balance_std,0.2514,0.0491,0.2299,0.273,0.1307,0.306,0.2698,20
5,220,HEFT,makespan,139.925,41.9587,121.5358,158.3142,86.2,222.4,142.85,20
5,220,HEFT,avg_e2e_latency,16.1423,3.956,14.4085,17.8761,11.5256,24.2458,16.4013,20
5,220,HEFT,avg_utilization,0.5551,0.0537,0.5316,0.5786,0.4658,0.6632,0.5449,20
5,220,HEFT,load_balance_std,0.1466,0.0505,0.1244,0.1687,0.0614,0.2294,0.1489,20
5,220,PSO,makespan,80.13,11.268,75.1916,85.0684,62.9,106.3,78.4,20
5,220,PSO,avg_e2e_latency,9.2538,0.9988,8.8161,9.6916,7.6885,11.4611,9.3039,20
5,220,PSO,avg_utilization,0.4888,0.0671,0.4594,0.5182,0.3466,0.6274,0.4881,20
5,220,PSO,load_balance_std,0.2274,0.0642,0.1993,0.2555,0.0898,0.3509,0.2376,20
5,220,RL,makespan,68.36,3.3391,66.8966,69.8234,62.2,77.1,68.0,20
5,220,RL,avg_e2e_latency,9.763,0.6526,9.477,10.0491,8.4631,10.9155,9.6374,20
5,220,RL,avg_utilization,0.4662,0.0763,0.4327,0.4996,0.3367,0.5869,0.4797,20
5,220,RL,load_balance_std,0.2876,0.0564,0.2629,0.3124,0.1645,0.3541,0.2972,20
5,220,RoundRobin,makespan,211.79,89.7469,172.4567,251.1233,117.4,458.4,189.8,20
5,220,RoundRobin,avg_e2e_latency,18.1819,2.9512,16.8885,19.4753,14.6983,25.7589,17.6459,20
5,220,RoundRobin,avg_utilization,0.485,0.0641,0.4569,0.5131,0.3558,0.6371,0.4855,20
5,220,RoundRobin,load_balance_std,0.1575,0.0322,0.1434,0.1716,0.1097,0.2159,0.1553,20
5,240,GA,makespan,95.43,18.6007,87.2779,103.5821,74.3,146.1,88.65,20
5,240,GA,avg_e2e_latency,10.4329,1.276,9.8737,10.9922,8.0544,14.1593,10.4031,20
5,240,GA,avg_utilization,0.4878,0.0682,0.4579,0.5177,0.3988,0.6713,0.4738,20
5,240,GA,load_balance_std,0.2246,0.0614,0.1977,0.2516,0.0984,0.2927,0.2456,20
5,240,HEFT,makespan,173.325,51.2678,150.8559,195.7941,104.3,273.5,182.25,20
5,240,HEFT,avg_e2e_latency,17.2123,3.9847,15.4659,18.9586,12.4658,25.5716,17.3801,20
5,240,HEFT,avg_utilization,0.542,0.0559,0.5175,0.5665,0.4475,0.6361,0.5343,20
5,240,HEFT,load_balance_std,0.1363,0.0512,0.1139,0.1588,0.034,0.2113,0.1503,20
5,240,PSO,makespan,92.53,14.0807,86.3589,98.7011,69.2,119.9,91.6,20
5,240,PSO,avg_e2e_latency,9.4293,0.8984,9.0355,9.823,8.2058,11.2218,9.2238,20
5,240,PSO,avg_utilization,0.4964,0.0745,0.4638,0.5291,0.3299,0.6075,0.5025,20
5,240,PSO,load_balance_std,0.205,0.0608,0.1784,0.2317,0.0849,0.2996,0.2087,20
5,240,RL,makespan,76.965,4.8875,74.823,79.107,70.1,90.5,76.55,20
5,240,RL,avg_e2e_latency,9.8054,0.5766,9.5527,10.0581,8.4791,10.8416,9.783,20
5,240,RL,avg_utilization,0.4813,0.0759,0.4481,0.5146,0.3623,0.6416,0.5069,20
5,240,RL,load_balance_std,0.2717,0.0642,0.2436,0.2998,0.0889,0.3439,0.2905,20
5,240,RoundRobin,makespan,281.68,110.015,233.4638,329.8962,144.0,579.6,261.1,20
5,240,RoundRobin,avg_e2e_latency,20.1755,4.0164,18.4152,21.9357,15.6207,30.5829,19.0489,20
5,240,RoundRobin,avg_utilization,0.4701,0.0651,0.4416,0.4986,0.3548,0.5804,0.4621,20
5,240,RoundRobin,load_balance_std,0.1601,0.0268,0.1484,0.1719,0.1197,0.2128,0.156,20
5,260,GA,makespan,114.65,20.9189,105.4819,123.8181,92.0,162.7,107.1,20
5,260,GA,avg_e2e_latency,11.1061,1.4195,10.484,11.7282,8.7555,14.7338,10.8636,20
5,260,GA,avg_utilization,0.5203,0.0723,0.4886,0.552,0.4027,0.668,0.5195,20
5,260,GA,load_balance_std,0.1626,0.0748,0.1298,0.1954,0.0515,0.2681,0.162,20
5,260,HEFT,makespan,241.78,85.4062,204.3491,279.2109,131.6,437.8,230.7,20
5,260,HEFT,avg_e2e_latency,19.5476,4.6632,17.5038,21.5913,13.9856,28.4153,19.0182,20
5,260,HEFT,avg_utilization,0.5331,0.0605,0.5066,0.5597,0.3909,0.6493,0.5465,20
5,260,HEFT,load_balance_std,0.1538,0.0318,0.1398,0.1677,0.0776,0.2048,0.1604,20
5,260,PSO,makespan,109.17,19.18,100.764,117.576,76.6,139.6,109.5,20
5,260,PSO,avg_e2e_latency,9.6516,0.9084,9.2534,10.0497,8.1873,11.4903,9.5101,20
5,260,PSO,avg_utilization,0.4963,0.0788,0.4617,0.5308,0.3643,0.6492,0.4959,20
5,260,PSO,load_balance_std,0.1601,0.0678,0.1304,0.1898,0.0349,0.2877,0.1779,20
5,260,RL,makespan,89.48,7.5833,86.1565,92.8035,79.0,105.2,88.15,20
5,260,RL,avg_e2e_latency,10.0262,0.5658,9.7782,10.2741,8.6724,11.2345,10.094,20
5,260,RL,avg_utilization,0.5041,0.0596,0.478,0.5302,0.3898,0.5954,0.5113,20
5,260,RL,load_balance_std,0.2499,0.073,0.2179,0.2819,0.0597,0.3342,0.2664,20
5,260,RoundRobin,makespan,367.56,133.1353,309.2109,425.9091,172.9,674.6,354.55,20
5,260,RoundRobin,avg_e2e_latency,22.5553,4.7555,20.4711,24.6395,16.7248,34.5868,21.888,20
5,260,RoundRobin,avg_utilization,0.4411,0.0612,0.4142,0.4679,0.3405,0.5544,0.4254,20
5,260,RoundRobin,load_balance_std,0.1662,0.0291,0.1534,0.1789,0.1215,0.2295,0.1615,20
5,280,GA,makespan,149.14,30.2204,135.8953,162.3847,111.4,223.2,143.0,20
5,280,GA,avg_e2e_latency,11.7018,1.3295,11.1191,12.2845,9.7597,14.7999,11.4355,20
5,280,GA,avg_utilization,0.5098,0.0699,0.4792,0.5405,0.4017,0.6557,0.519,20
5,280,GA,load_balance_std,0.1189,0.0601,0.0926,0.1453,0.0232,0.2398,0.1226,20
5,280,HEFT,makespan,373.3,132.3423,315.2984,431.3016,182.1,717.9,339.15,20
5,280,HEFT,avg_e2e_latency,22.6825,5.2324,20.3893,24.9757,15.3567,30.3376,22.6928,20
5,280,HEFT,avg_utilization,0.4807,0.0722,0.449,0.5123,0.3318,0.6112,0.5042,20
5,280,HEFT,load_balance_std,0.1758,0.0253,0.1647,0.1869,0.119,0.2231,0.1829,20
5,280,PSO,makespan,156.38,48.2505,135.2333,177.5267,90.0,254.2,149.65,20
5,280,PSO,avg_e2e_latency,10.1711,1.0429,9.714,10.6281,8.3923,12.2129,10.055,20
5,280,PSO,avg_utilization,0.4295,0.0753,0.3965,0.4625,0.3105,0.591,0.423,20
5,280,PSO,load_balance_std,0.1495,0.0476,0.1286,0.1703,0.0689,0.2503,0.1397,20
5,280,RL,makespan,113.3,12.8891,107.6511,118.9489,93.6,148.1,109.75,20
5,280,RL,avg_e2e_latency,10.425,0.7165,10.111,10.739,8.5972,11.5869,10.4617,20
5,280,RL,avg_utilization,0.5093,0.0645,0.4811,0.5376,0.3814,0.6453,0.498,20
5,280,RL,load_balance_std,0.1862,0.0709,0.1552,0.2173,0.0597,0.2804,0.186,20
5,280,RoundRobin,makespan,489.55,147.1584,425.055,554.045,245.0,859.5,460.95,20
5,280,RoundRobin,avg_e2e_latency,26.2254,6.1559,23.5275,28.9233,17.3481,39.6877,25.3893,20
5,280,RoundRobin,avg_utilization,0.4054,0.0564,0.3807,0.4302,0.3238,0.534,0.3933,20
5,280,RoundRobin,load_balance_std,0.1872,0.0261,0.1757,0.1986,0.1277,0.25,0.1886,20
5,300,GA,makespan,242.915,69.0297,212.6614,273.1686,160.5,395.7,230.9,20
5,300,GA,avg_e2e_latency,12.2444,1.4465,11.6105,12.8784,10.0481,15.5541,11.8284,20
5,300,GA,avg_utilization,0.3824,0.0721,0.3508,0.414,0.2517,0.508,0.3896,20
5,300,GA,load_balance_std,0.0822,0.0406,0.0645,0.1,0.0223,0.1629,0.0775,20
5,300,HEFT,makespan,683.26,163.1369,611.7621,754.7579,414.3,990.8,686.05,20
5,300,HEFT,avg_e2e_latency,25.5524,5.0354,23.3455,27.7593,17.7936,34.1358,24.4567,20
5,300,HEFT,avg_utilization,0.3649,0.0549,0.3408,0.3889,0.265,0.5007,0.3654,20
5,300,HEFT,load_balance_std,0.1962,0.016,0.1891,0.2032,0.1714,0.2387,0.1978,20
5,300,PSO,makespan,248.995,70.5431,218.0781,279.9119,119.0,341.9,243.6,20
5,300,PSO,avg_e2e_latency,10.855,1.1747,10.3402,11.3698,8.6411,13.5159,10.6222,20
5,300,PSO,avg_utilization,0.3308,0.0672,0.3013,0.3602,0.2504,0.48,0.3142,20
5,300,PSO,load_balance_std,0.1466,0.0406,0.1289,0.1644,0.0706,0.2161,0.1421,20
5,300,RL,makespan,214.37,28.9583,201.6785,227.0615,166.3,263.5,217.4,20
5,300,RL,avg_e2e_latency,11.1809,0.6558,10.8935,11.4684,9.4846,12.3905,11.1707,20
5,300,RL,avg_utilization,0.4025,0.055,0.3784,0.4266,0.3078,0.5205,0.3997,20
5,300,RL,load_balance_std,0.1114,0.0425,0.0928,0.13,0.0428,0.2003,0.1101,20
5,300,RoundRobin,makespan,740.485,146.7275,676.1789,804.7911,419.9,1010.4,743.75,20
5,300,RoundRobin,avg_e2e_latency,28.5995,7.134,25.4729,31.7261,18.2827,46.3524,27.668,20
5,300,RoundRobin,avg_utilization,0.3371,0.0395,0.3198,0.3544,0.2863,0.4218,0.3327,20
5,300,RoundRobin,load_balance_std,0.1903,0.0257,0.179,0.2016,0.1455,0.2368,0.1885,20
7,20,GA,makespan,8.6,0.9364,8.1896,9.0104,6.7,10.5,8.55,20
7,20,GA,avg_e2e_latency,4.0661,0.6508,3.7809,4.3513,2.8266,5.4072,4.0917,20
7,20,GA,avg_utilization,0.0897,0.0191,0.0814,0.0981,0.0611,0.1526,0.087,20
7,20,GA,load_balance_std,0.2039,0.0309,0.1903,0.2174,0.1497,0.259,0.203,20
7,20,HEFT,makespan,9.725,1.0269,9.2749,10.1751,8.0,11.9,9.45,20
7,20,HEFT,avg_e2e_latency,5.1079,0.9182,4.7055,5.5103,3.4119,6.3651,5.5043,20
7,20,HEFT,avg_utilization,0.0916,0.0159,0.0846,0.0986,0.0689,0.1181,0.0882,20
7,20,HEFT,load_balance_std,0.2027,0.0314,0.1889,0.2164,0.1438,0.2607,0.1999,20
7,20,PSO,makespan,12.68,4.4827,10.7154,14.6446,9.3,29.6,11.15,20
7,20,PSO,avg_e2e_latency,5.1979,1.4877,4.5459,5.8499,3.4038,10.5424,4.9529,20
7,20,PSO,avg_utilization,0.0782,0.0183,0.0702,0.0862,0.0506,0.138,0.0774,20
7,20,PSO,load_balance_std,0.1677,0.0285,0.1552,0.1802,0.1239,0.2117,0.1571,20
7,20,RL,makespan,7.95,1.0729,7.4798,8.4202,6.2,9.9,7.6,20
7,20,RL,avg_e2e_latency,3.9024,0.9436,3.4888,4.3159,2.2519,6.0911,3.6672,20
7,20,RL,avg_utilization,0.0808,0.017,0.0733,0.0882,0.0569,0.1171,0.0801,20
7,20,RL,load_balance_std,0.1892,0.035,0.1739,0.2046,0.1394,0.2564,0.1837,20
7,20,RoundRobin,makespan,16.81,2.0107,15.9288,17.6912,12.8,22.6,16.6,20
7,20,RoundRobin,avg_e2e_latency,8.3877,0.9884,7.9545,8.8209,5.6722,9.8724,8.4559,20
7,20,RoundRobin,avg_utilization,0.0966,0.0318,0.0826,0.1105,0.0529,0.1769,0.0821,20
7,20,RoundRobin,load_balance_std,0.1354,0.0291,0.1227,0.1482,0.0947,0.2016,0.131,20
7,40,GA,makespan,14.245,1.1583,13.7374,14.7526,12.3,16.7,14.3,20
7,40,GA,avg_e2e_latency,5.0971,0.4308,4.9083,5.2859,4.42,5.9399,5.1597,20
7,40,GA,avg_utilization,0.1382,0.0247,0.1273,0.149,0.105,0.2041,0.1337,20
7,40,GA,load_balance_std,0.2554,0.0158,0.2485,0.2623,0.2148,0.276,0.2577,20
7,40,HEFT,makespan,15.735,1.3612,15.1384,16.3316,13.3,18.4,15.75,20
7,40,HEFT,avg_e2e_latency,5.715,0.6567,5.4272,6.0028,4.4879,7.5021,5.6747,20
7,40,HEFT,avg_utilization,0.1315,0.026,0.1201,0.1429,0.1063,0.2267,0.1256,20
7,40,HEFT,load_balance_std,0.2489,0.0196,0.2403,0.2575,0.203,0.2779,0.2506,20
7,40,PSO,makespan,20.55,5.8669,17.9787,23.1213,14.3,39.1,18.7,20
7,40,PSO,avg_e2e_latency,5.8571,1.001,5.4183,6.2958,4.6563,9.1692,5.6052,20
7,40,PSO,avg_utilization,0.1253,0.0238,0.1148,0.1357,0.0868,0.1719,0.124,20
7,40,PSO,load_balance_std,0.2016,0.0341,0.1867,0.2166,0.1449,0.2716,0.2004,20
7,40,RL,makespan,13.415,1.6592,12.6878,14.1422,10.3,16.9,13.6,20
7,40,RL,avg_e2e_latency,4.9223,0.5654,4.6745,5.1701,3.6605,6.2934,4.9681,20
7,40,RL,avg_utilization,0.1177,0.0165,0.1104,0.1249,0.0966,0.1685,0.1146,20
7,40,RL,load_balance_std,0.2573,0.0148,0.2508,0.2638,0.2278,0.2803,0.2586,20
7,40,RoundRobin,makespan,27.225,1.9894,26.3531,28.0969,23.2,31.6,26.95,20
7,40,RoundRobin,avg_e2e_latency,10.4897,1.1107,10.0029,10.9765,8.9643,13.5588,10.2875,20
7,40,RoundRobin,avg_utilization,0.1679,0.0376,0.1514,0.1843,0.1128,0.2675,0.1683,20
7,40,RoundRobin,load_balance_std,0.1726,0.0361,0.1568,0.1885,0.1235,0.236,0.1651,20
7,60,GA,makespan,20.165,1.5315,19.4938,20.8362,18.0,24.2,20.1,20
7,60,GA,avg_e2e_latency,5.8332,0.4,5.6579,6.0085,5.2546,6.7583,5.9147,20
7,60,GA,avg_utilization,0.1686,0.0259,0.1572,0.1799,0.1321,0.2166,0.1677,20
7,60,GA,load_balance_std,0.2766,0.01,0.2722,0.281,0.2584,0.2954,0.2773,20
7,60,HEFT,makespan,22.22,2.3073,21.2088,23.2312,19.2,29.7,21.8,20
7,60,HEFT,avg_e2e_latency,6.4424,0.5719,6.1918,6.693,5.442,7.6595,6.3929,20
7,60,HEFT,avg_utilization,0.1956,0.0388,0.1786,0.2126,0.127,0.2798,0.1933,20
7,60,HEFT,load_balance_std,0.2697,0.0208,0.2606,0.2788,0.223,0.2975,0.2731,20
7,60,PSO,makespan,28.22,7.3166,25.0134,31.4266,20.9,47.7,26.7,20
7,60,PSO,avg_e2e_latency,6.5808,1.3,6.0111,7.1506,4.8818,9.7344,6.3047,20
7,60,PSO,avg_utilization,0.1847,0.051,0.1624,0.2071,0.103,0.2909,0.1865,20
7,60,PSO,load_balance_std,0.2312,0.0314,0.2174,0.2449,0.183,0.2929,0.2264,20
7,60,RL,makespan,19.415,1.4887,18.7626,20.0674,17.1,22.1,19.7,20
7,60,RL,avg_e2e_latency,5.6537,0.433,5.464,5.8435,4.7142,6.5385,5.6464,20
7,60,RL,avg_utilization,0.15,0.0318,0.136,0.1639,0.1164,0.2216,0.1381,20
7,60,RL,load_balance_std,0.2822,0.0133,0.2763,0.288,0.2546,0.3103,0.2814,20
7,60,RoundRobin,makespan,37.23,3.114,35.8652,38.5948,32.7,43.9,36.95,20
7,60,RoundRobin,avg_e2e_latency,11.8326,1.2582,11.2811,12.384,10.3666,14.6017,11.4779,20
7,60,RoundRobin,avg_utilization,0.2221,0.047,0.2016,0.2427,0.1243,0.3252,0.2222,20
7,60,RoundRobin,load_balance_std,0.1908,0.0258,0.1795,0.2021,0.1484,0.2397,0.1848,20
7,80,GA,makespan,26.575,2.0616,25.6714,27.4786,22.0,31.2,26.2,20
7,80,GA,avg_e2e_latency,6.5943,0.549,6.3537,6.8349,5.8399,7.6257,6.5634,20
7,80,GA,avg_utilization,0.2093,0.0447,0.1897,0.2289,0.1419,0.3283,0.2012,20
7,80,GA,load_balance_std,0.2907,0.0157,0.2838,0.2976,0.2615,0.3212,0.2899,20
7,80,HEFT,makespan,29.225,4.4653,27.268,31.182,24.8,42.5,27.2,20
7,80,HEFT,avg_e2e_latency,7.5183,0.8884,7.1289,7.9077,5.6109,9.8279,7.503,20
7,80,HEFT,avg_utilization,0.2533,0.0581,0.2278,0.2788,0.1543,0.3909,0.2429,20
7,80,HEFT,load_balance_std,0.2674,0.026,0.2559,0.2788,0.2298,0.3178,0.2674,20
7,80,PSO,makespan,36.155,9.6839,31.9109,40.3991,26.5,64.6,33.45,20
7,80,PSO,avg_e2e_latency,7.2426,0.9786,6.8136,7.6715,6.2388,9.9004,7.029,20
7,80,PSO,avg_utilization,0.2349,0.0431,0.2161,0.2538,0.1743,0.3273,0.2298,20
7,80,PSO,load_balance_std,0.2447,0.0335,0.23,0.2594,0.1816,0.3001,0.248,20
7,80,RL,makespan,25.275,1.3917,24.6651,25.8849,21.9,27.4,25.7,20
7,80,RL,avg_e2e_latency,6.4854,0.7571,6.1536,6.8172,5.2892,8.2926,6.1965,20
7,80,RL,avg_utilization,0.175,0.032,0.161,0.189,0.1202,0.2181,0.1781,20
7,80,RL,load_balance_std,0.2879,0.0102,0.2834,0.2924,0.2689,0.3075,0.2869,20
7,80,RoundRobin,makespan,48.66,4.4608,46.705,50.615,42.0,59.3,48.4,20
7,80,RoundRobin,avg_e2e_latency,12.7392,1.3079,12.166,13.3124,11.0958,15.6715,12.4413,20
7,80,RoundRobin,avg_utilization,0.2809,0.0714,0.2496,0.3123,0.1516,0.4311,0.2646,20
7,80,RoundRobin,load_balance_std,0.2018,0.0394,0.1845,0.2191,0.0788,0.2793,0.2029,20
7,100,GA,makespan,33.225,2.6012,32.085,34.365,27.9,39.1,33.4,20
7,100,GA,avg_e2e_latency,7.2263,0.6783,6.929,7.5235,6.0339,8.5056,7.1789,20
7,100,GA,avg_utilization,0.2392,0.0424,0.2206,0.2578,0.1655,0.326,0.2298,20
7,100,GA,load_balance_std,0.2898,0.0116,0.2847,0.2949,0.268,0.3153,0.2885,20
7,100,HEFT,makespan,38.62,7.8898,35.1621,42.0779,31.2,61.0,35.9,20
7,100,HEFT,avg_e2e_latency,8.7245,1.145,8.2226,9.2263,7.2338,11.9029,8.8171,20
7,100,HEFT,avg_utilization,0.3379,0.0594,0.3119,0.3639,0.2131,0.4517,0.3266,20
7,100,HEFT,load_balance_std,0.2579,0.0397,0.2405,0.2753,0.1439,0.3053,0.267,20
7,100,PSO,makespan,43.525,11.2432,38.5974,48.4526,31.2,75.8,40.15,20
7,100,PSO,avg_e2e_latency,7.9515,1.3992,7.3383,8.5648,6.4014,12.1676,7.4994,20
7,100,PSO,avg_utilization,0.2814,0.0554,0.2571,0.3057,0.1957,0.4035,0.2832,20
7,100,PSO,load_balance_std,0.2615,0.0297,0.2485,0.2745,0.1869,0.3083,0.2581,20
7,100,RL,makespan,31.07,1.7138,30.3189,31.8211,27.3,33.9,31.25,20
7,100,RL,avg_e2e_latency,7.5029,0.744,7.1768,7.829,6.5785,8.8588,7.2729,20
7,100,RL,avg_utilization,0.2243,0.043,0.2054,0.2431,0.1538,0.3345,0.2196,20
7,100,RL,load_balance_std,0.3004,0.0133,0.2946,0.3063,0.2791,0.3434,0.3004,20
7,100,RoundRobin,makespan,61.525,6.2539,58.7841,64.2659,52.5,73.6,61.15,20
7,100,RoundRobin,avg_e2e_latency,13.4762,1.3709,12.8754,14.077,11.7654,16.9995,13.3255,20
7,100,RoundRobin,avg_utilization,0.3177,0.0605,0.2912,0.3442,0.189,0.4499,0.3214,20
7,100,RoundRobin,load_balance_std,0.218,0.0344,0.2029,0.2331,0.1551,0.2957,0.224,20
7,120,GA,makespan,39.955,2.4362,38.8873,41.0227,32.8,44.5,40.0,20
7,120,GA,avg_e2e_latency,7.8723,0.8799,7.4867,8.258,6.6947,9.8121,7.8243,20
7,120,GA,avg_utilization,0.2875,0.046,0.2673,0.3076,0.1863,0.3733,0.2868,20
7,120,GA,load_balance_std,0.2963,0.0227,0.2863,0.3062,0.2508,0.3355,0.2962,20
7,120,HEFT,makespan,50.875,14.083,44.7029,57.0471,37.6,88.7,46.4,20
7,120,HEFT,avg_e2e_latency,9.5887,1.6565,8.8627,10.3147,7.5654,13.8059,9.0726,20
7,120,HEFT,avg_utilization,0.3586,0.0659,0.3297,0.3875,0.2308,0.4931,0.3602,20
7,120,HEFT,load_balance_std,0.242,0.0532,0.2187,0.2653,0.107,0.3204,0.2481,20
7,120,PSO,makespan,51.31,12.0233,46.0406,56.5794,38.7,83.3,47.55,20
7,120,PSO,avg_e2e_latency,8.2053,1.2951,7.6377,8.7729,6.4457,11.5805,7.9076,20
7,120,PSO,avg_utilization,0.308,0.0498,0.2862,0.3299,0.2148,0.3928,0.3025,20
7,120,PSO,load_balance_std,0.2551,0.0364,0.2391,0.271,0.1513,0.3129,0.256,20
7,120,RL,makespan,37.0,2.3822,35.956,38.044,32.3,43.0,37.05,20
7,120,RL,avg_e2e_latency,8.1954,0.6253,7.9213,8.4694,7.065,9.0052,8.1925,20
7,120,RL,avg_utilization,0.2506,0.0495,0.2289,0.2723,0.1492,0.3465,0.2651,20
7,120,RL,load_balance_std,0.3035,0.0188,0.2953,0.3117,0.2646,0.339,0.3018,20
7,120,RoundRobin,makespan,75.895,9.4698,71.7447,80.0453,64.8,97.9,72.6,20
7,120,RoundRobin,avg_e2e_latency,14.4655,1.5159,13.8011,15.1298,12.7274,18.1816,14.1206,20
7,120,RoundRobin,avg_utilization,0.361,0.0696,0.3305,0.3916,0.2526,0.4978,0.3653,20
7,120,RoundRobin,load_balance_std,0.212,0.0329,0.1976,0.2264,0.1425,0.2668,0.2183,20
7,140,GA,makespan,47.135,3.3856,45.6512,48.6188,39.1,52.4,47.2,20
7,140,GA,avg_e2e_latency,8.2107,0.8985,7.8169,8.6045,7.0603,10.4174,7.9889,20
7,140,GA,avg_utilization,0.3216,0.0543,0.2978,0.3454,0.2314,0.4827,0.3205,20
7,140,GA,load_balance_std,0.2957,0.0264,0.2841,0.3072,0.2476,0.3361,0.2913,20
7,140,HEFT,makespan,67.995,21.443,58.5972,77.3928,44.2,125.7,60.65,20
7,140,HEFT,avg_e2e_latency,10.8231,2.3862,9.7773,11.8688,7.7223,17.7423,10.3561,20
7,140,HEFT,avg_utilization,0.387,0.0698,0.3564,0.4176,0.2399,0.5108,0.3844,20
7,140,HEFT,load_balance_std,0.2238,0.0586,0.1981,0.2494,0.1195,0.3014,0.2323,20
7,140,PSO,makespan,59.525,13.2012,53.7393,65.3107,44.5,89.9,54.65,20
7,140,PSO,avg_e2e_latency,8.6722,1.4461,8.0384,9.306,6.9049,12.6604,8.1817,20
7,140,PSO,avg_utilization,0.3394,0.0606,0.3128,0.3659,0.2184,0.4519,0.3401,20
7,140,PSO,load_balance_std,0.2547,0.0385,0.2379,0.2716,0.182,0.342,0.2551,20
7,140,RL,makespan,43.06,2.5442,41.9449,44.1751,38.8,49.1,42.6,20
7,140,RL,avg_e2e_latency,8.656,0.6006,8.3928,8.9192,7.8549,10.2485,8.6007,20
7,140,RL,avg_utilization,0.2868,0.046,0.2667,0.307,0.1989,0.3666,0.292,20
7,140,RL,load_balance_std,0.3115,0.0207,0.3025,0.3206,0.2584,0.3488,0.3112,20
7,140,RoundRobin,makespan,90.97,13.222,85.1752,96.7648,73.8,119.3,86.9,20
7,140,RoundRobin,avg_e2e_latency,15.1905,1.2922,14.6242,15.7568,13.1761,17.8238,14.7876,20
7,140,RoundRobin,avg_utilization,0.4047,0.052,0.3819,0.4275,0.3109,0.4977,0.4033,20
7,140,RoundRobin,load_balance_std,0.2172,0.0445,0.1977,0.2367,0.1225,0.2968,0.22,20
7,160,GA,makespan,56.305,5.49,53.8989,58.7111,46.4,67.3,56.3,20
7,160,GA,avg_e2e_latency,8.5125,0.7939,8.1646,8.8605,7.4798,10.0886,8.371,20
7,160,GA,avg_utilization,0.3394,0.0608,0.3127,0.366,0.2477,0.4721,0.34,20
7,160,GA,load_balance_std,0.2811,0.0301,0.2679,0.2943,0.2084,0.3312,0.2738,20
7,160,HEFT,makespan,86.9,27.2789,74.9445,98.8555,53.9,156.6,80.7,20
7,160,HEFT,avg_e2e_latency,12.5683,3.0251,11.2425,13.8941,8.2894,20.1234,12.2422,20
7,160,HEFT,avg_utilization,0.4689,0.0876,0.4305,0.5073,0.269,0.6153,0.4712,20
7,160,HEFT,load_balance_std,0.1727,0.0445,0.1531,0.1922,0.0964,0.2759,0.163,20
7,160,PSO,makespan,67.5,14.0878,61.3257,73.6743,50.9,97.0,63.85,20
7,160,PSO,avg_e2e_latency,8.8727,1.2343,8.3317,9.4136,7.0687,11.7166,8.5725,20
7,160,PSO,avg_utilization,0.3515,0.0546,0.3275,0.3754,0.2771,0.4777,0.3447,20
7,160,PSO,load_balance_std,0.2493,0.0356,0.2337,0.2649,0.1692,0.3152,0.2489,20
7,160,RL,makespan,49.23,3.3688,47.7536,50.7064,44.1,59.3,48.5,20
7,160,RL,avg_e2e_latency,8.9181,0.6725,8.6233,9.2128,7.9999,10.7028,8.9734,20
7,160,RL,avg_utilization,0.311,0.0479,0.29,0.332,0.228,0.3791,0.3164,20
7,160,RL,load_balance_std,0.3144,0.0227,0.3045,0.3244,0.2656,0.3497,0.3167,20
7,160,RoundRobin,makespan,110.43,24.8497,99.5391,121.3209,85.7,178.8,103.1,20
7,160,RoundRobin,avg_e2e_latency,16.0595,1.3659,15.4608,16.6581,13.6562,18.2579,16.1887,20
7,160,RoundRobin,avg_utilization,0.4261,0.0437,0.407,0.4453,0.3291,0.5009,0.432,20
7,160,RoundRobin,load_balance_std,0.2068,0.0351,0.1914,0.2222,0.1455,0.2684,0.2052,20
7,180,GA,makespan,66.945,7.645,63.5944,70.2956,54.5,81.1,66.45,20
7,180,GA,avg_e2e_latency,8.9654,0.7507,8.6364,9.2944,7.9373,10.266,8.6443,20
7,180,GA,avg_utilization,0.3779,0.0775,0.3439,0.4118,0.2917,0.5752,0.3606,20
7,180,GA,load_balance_std,0.266,0.0469,0.2454,0.2865,0.125,0.3396,0.2681,20
7,180,HEFT,makespan,113.145,33.9164,98.2805,128.0095,70.4,191.9,111.85,20
7,180,HEFT,avg_e2e_latency,14.7287,3.9791,12.9848,16.4726,9.8812,24.8136,13.766,20
7,180,HEFT,avg_utilization,0.5013,0.0576,0.4761,0.5266,0.3553,0.6083,0.5082,20
7,180,HEFT,load_balance_std,0.1479,0.0413,0.1298,0.166,0.096,0.2343,0.138,20
7,180,PSO,makespan,75.98,14.8357,69.478,82.482,58.5,106.3,74.25,20
7,180,PSO,avg_e2e_latency,9.347,1.2823,8.785,9.909,7.1734,12.1902,9.1151,20
7,180,PSO,avg_utilization,0.3849,0.0628,0.3574,0.4124,0.29,0.5169,0.3791,20
7,180,PSO,load_balance_std,0.2368,0.0496,0.2151,0.2586,0.1642,0.3244,0.2277,20
7,180,RL,makespan,56.49,5.9282,53.8918,59.0882,50.0,76.5,55.2,20
7,180,RL,avg_e2e_latency,9.1255,0.5776,8.8723,9.3786,8.086,10.3498,9.1259,20
7,180,RL,avg_utilization,0.3259,0.05,0.304,0.3479,0.2288,0.4118,0.3338,20
7,180,RL,load_balance_std,0.3126,0.0289,0.3,0.3253,0.2478,0.3531,0.3225,20
7,180,RoundRobin,makespan,132.23,37.4434,115.8197,148.6403,97.3,244.8,119.0,20
7,180,RoundRobin,avg_e2e_latency,16.7462,1.8368,15.9411,17.5512,13.6439,21.2214,16.7341,20
7,180,RoundRobin,avg_utilization,0.4359,0.0406,0.4181,0.4537,0.3657,0.5104,0.4407,20
7,180,RoundRobin,load_balance_std,0.1907,0.0369,0.1745,0.2069,0.1131,0.2482,0.1976,20
7,200,GA,makespan,79.445,10.433,74.8726,84.0174,62.7,102.9,78.3,20
7,200,GA,avg_e2e_latency,9.5178,0.7088,9.2072,9.8284,8.2659,10.9298,9.4216,20
7,200,GA,avg_utilization,0.4055,0.0813,0.3699,0.4411,0.2802,0.5512,0.3859,20
7,200,GA,load_balance_std,0.2504,0.0476,0.2295,0.2713,0.1252,0.3183,0.2688,20
7,200,HEFT,makespan,139.495,40.0451,121.9445,157.0455,84.2,235.4,135.8,20
7,200,HEFT,avg_e2e_latency,16.6272,4.178,14.7961,18.4583,10.8323,25.1276,16.3254,20
7,200,HEFT,avg_utilization,0.5224,0.0369,0.5062,0.5385,0.4538,0.6009,0.5247,20
7,200,HEFT,load_balance_std,0.1379,0.0256,0.1267,0.1491,0.0812,0.1783,0.1468,20
7,200,PSO,makespan,85.455,14.83,78.9555,91.9545,65.9,115.7,83.2,20
7,200,PSO,avg_e2e_latency,9.5853,1.1895,9.0639,10.1066,7.8243,12.1405,9.2791,20
7,200,PSO,avg_utilization,0.4064,0.0636,0.3785,0.4342,0.3059,0.5076,0.4068,20
7,200,PSO,load_balance_std,0.2268,0.042,0.2084,0.2452,0.1612,0.3107,0.2269,20
7,200,RL,makespan,66.31,11.5631,61.2423,71.3777,55.5,102.2,62.75,20
7,200,RL,avg_e2e_latency,9.3967,0.5533,9.1542,9.6392,8.192,10.2969,9.4851,20
7,200,RL,avg_utilization,0.3296,0.0465,0.3093,0.35,0.25,0.4392,0.3291,20
7,200,RL,load_balance_std,0.3053,0.0299,0.2922,0.3184,0.2434,0.3447,0.3176,20
7,200,RoundRobin,makespan,161.865,52.9948,138.639,185.091,108.6,336.7,142.4,20
7,200,RoundRobin,avg_e2e_latency,17.9705,2.7046,16.7851,19.1559,14.243,26.2799,17.5173,20
7,200,RoundRobin,avg_utilization,0.4656,0.0389,0.4486,0.4827,0.3803,0.5527,0.4695,20
7,200,RoundRobin,load_balance_std,0.1799,0.0372,0.1636,0.1962,0.1203,0.2518,0.185,20
7,220,GA,makespan,94.225,15.3972,87.4769,100.9731,72.1,137.3,91.55,20
7,220,GA,avg_e2e_latency,10.1687,0.8522,9.7952,10.5422,8.5703,11.3015,10.1913,20
7,220,GA,avg_utilization,0.4325,0.0712,0.4013,0.4637,0.3078,0.5698,0.4367,20
7,220,GA,load_balance_std,0.2184,0.0564,0.1937,0.2432,0.0877,0.2996,0.2218,20
7,220,HEFT,makespan,175.515,49.3281,153.896,197.134,107.4,291.9,170.1,20
7,220,HEFT,avg_e2e_latency,18.4307,4.5594,16.4325,20.4289,11.2952,28.6415,18.5121,20
7,220,HEFT,avg_utilization,0.5308,0.0307,0.5173,0.5443,0.4943,0.5852,0.5299,20
7,220,HEFT,load_balance_std,0.1496,0.0232,0.1394,0.1597,0.1079,0.1923,0.1492,20
7,220,PSO,makespan,97.435,16.4709,90.2163,104.6537,77.6,131.9,92.55,20
7,220,PSO,avg_e2e_latency,9.8149,1.3386,9.2282,10.4016,8.055,12.8527,9.4328,20
7,220,PSO,avg_utilization,0.4006,0.0532,0.3773,0.4239,0.3082,0.4953,0.4007,20
7,220,PSO,load_balance_std,0.2148,0.0381,0.1981,0.2315,0.111,0.2853,0.2195,20
7,220,RL,makespan,77.205,18.4115,69.1358,85.2742,62.1,141.5,71.35,20
7,220,RL,avg_e2e_latency,9.5684,0.4575,9.3679,9.7689,8.6223,10.188,9.5936,20
7,220,RL,avg_utilization,0.3518,0.0547,0.3278,0.3758,0.2546,0.4449,0.3528,20
7,220,RL,load_balance_std,0.2961,0.0361,0.2802,0.3119,0.2117,0.3506,0.3034,20
7,220,RoundRobin,makespan,199.185,60.7443,172.5626,225.8074,125.7,394.2,182.45,20
7,220,RoundRobin,avg_e2e_latency,19.4455,3.3073,17.996,20.895,15.0878,28.6023,18.9754,20
7,220,RoundRobin,avg_utilization,0.4764,0.055,0.4523,0.5005,0.3893,0.6013,0.4534,20
7,220,RoundRobin,load_balance_std,0.1525,0.0399,0.135,0.1699,0.086,0.2197,0.1586,20
7,240,GA,makespan,112.455,21.6824,102.9523,121.9577,81.9,174.9,108.6,20
7,240,GA,avg_e2e_latency,10.9945,1.104,10.5106,11.4784,8.6945,13.1481,10.9022,20
7,240,GA,avg_utilization,0.4417,0.0653,0.4131,0.4703,0.3213,0.5607,0.4255,20
7,240,GA,load_balance_std,0.1998,0.0634,0.172,0.2276,0.0896,0.2905,0.2,20
7,240,HEFT,makespan,227.68,72.5946,195.864,259.496,135.8,403.4,208.7,20
7,240,HEFT,avg_e2e_latency,20.6046,4.8631,18.4733,22.736,13.2142,32.9446,21.1337,20
7,240,HEFT,avg_utilization,0.5398,0.0357,0.5242,0.5555,0.4691,0.593,0.5473,20
7,240,HEFT,load_balance_std,0.1537,0.0243,0.1431,0.1644,0.1133,0.2026,0.1565,20
7,240,PSO,makespan,115.485,22.7081,105.5327,125.4373,91.6,173.9,108.15,20
7,240,PSO,avg_e2e_latency,10.1563,1.1609,9.6475,10.6651,8.2126,12.4145,10.0581,20
7,240,PSO,avg_utilization,0.3984,0.0637,0.3705,0.4263,0.2887,0.5644,0.3965,20
7,240,PSO,load_balance_std,0.1982,0.0381,0.1815,0.2149,0.0939,0.2554,0.2047,20
7,240,RL,makespan,90.12,22.3783,80.3123,99.9277,72.1,158.1,82.2,20
7,240,RL,avg_e2e_latency,9.963,0.6313,9.6864,10.2397,8.7703,11.5405,10.0112,20
7,240,RL,avg_utilization,0.3968,0.0696,0.3663,0.4273,0.2806,0.495,0.4093,20
7,240,RL,load_balance_std,0.2733,0.0513,0.2508,0.2958,0.1757,0.3552,0.292,20
7,240,RoundRobin,makespan,251.495,72.5266,219.7088,283.2812,152.2,473.8,229.15,20
7,240,RoundRobin,avg_e2e_latency,21.0256,3.5305,19.4783,22.5729,16.9197,31.3548,20.1952,20
7,240,RoundRobin,avg_utilization,0.4763,0.0489,0.4548,0.4977,0.3884,0.5736,0.4737,20
7,240,RoundRobin,load_balance_std,0.1463,0.0342,0.1313,0.1613,0.1083,0.2642,0.1421,20
7,260,GA,makespan,139.5,32.4072,125.2969,153.7031,92.1,224.9,135.15,20
7,260,GA,avg_e2e_latency,11.7567,1.2613,11.2039,12.3095,9.4575,14.3327,11.5633,20
7,260,GA,avg_utilization,0.4497,0.0627,0.4222,0.4772,0.3326,0.604,0.4435,20
7,260,GA,load_balance_std,0.1777,0.0539,0.154,0.2013,0.0959,0.2744,0.1825,20
7,260,HEFT,makespan,320.385,95.8709,278.3677,362.4023,170.5,487.4,311.8,20
7,260,HEFT,avg_e2e_latency,23.8313,5.6383,21.3602,26.3025,15.8701,38.7286,23.108,20
7,260,HEFT,avg_utilization,0.5151,0.0479,0.4941,0.5361,0.439,0.6045,0.5149,20
7,260,HEFT,load_balance_std,0.1673,0.0225,0.1574,0.1771,0.1204,0.2027,0.1699,20
7,260,PSO,makespan,140.8,28.1425,128.466,153.134,103.4,215.9,136.0,20
7,260,PSO,avg_e2e_latency,10.5578,1.1755,10.0427,11.073,9.0966,13.0607,10.5854,20
7,260,PSO,avg_utilization,0.3874,0.056,0.3628,0.4119,0.2804,0.4923,0.3884,20
7,260,PSO,load_balance_std,0.1788,0.0454,0.1589,0.1987,0.0785,0.2351,0.1905,20
7,260,RL,makespan,107.43,27.8602,95.2197,119.6403,82.1,179.3,95.2,20
7,260,RL,avg_e2e_latency,10.5181,0.9381,10.107,10.9293,9.2145,13.0573,10.3898,20
7,260,RL,avg_utilization,0.4452,0.0496,0.4234,0.4669,0.3145,0.5514,0.4441,20
7,260,RL,load_balance_std,0.2388,0.0643,0.2106,0.267,0.1126,0.3149,0.262,20
7,260,RoundRobin,makespan,316.675,93.5636,275.669,357.681,192.4,632.7,304.4,20
7,260,RoundRobin,avg_e2e_latency,23.2731,3.9848,21.5267,25.0196,18.917,32.1696,21.935,20
7,260,RoundRobin,avg_utilization,0.469,0.0451,0.4493,0.4888,0.3833,0.5355,0.484,20
7,260,RoundRobin,load_balance_std,0.1561,0.0287,0.1436,0.1687,0.1079,0.2048,0.1513,20
7,280,GA,makespan,179.54,42.6047,160.8677,198.2123,105.8,267.5,179.3,20
7,280,GA,avg_e2e_latency,12.7157,1.5458,12.0382,13.3932,9.9612,15.8047,12.4185,20
7,280,GA,avg_utilization,0.4405,0.049,0.419,0.4619,0.3593,0.5733,0.441,20
7,280,GA,load_balance_std,0.1378,0.0427,0.1191,0.1565,0.073,0.2448,0.1303,20
7,280,HEFT,makespan,462.37,129.6727,405.5384,519.2016,189.4,752.4,463.25,20
7,280,HEFT,avg_e2e_latency,28.2381,6.7206,25.2927,31.1836,16.6753,44.5574,27.8517,20
7,280,HEFT,avg_utilization,0.4748,0.0584,0.4492,0.5004,0.3416,0.6315,0.4625,20
7,280,HEFT,load_balance_std,0.1799,0.018,0.172,0.1878,0.1406,0.2138,0.1824,20
7,280,PSO,makespan,177.14,33.6342,162.3992,191.8808,120.2,240.9,167.65,20
7,280,PSO,avg_e2e_latency,11.0677,1.388,10.4594,11.676,9.3632,14.3003,10.7295,20
7,280,PSO,avg_utilization,0.3645,0.0607,0.3379,0.3911,0.256,0.4882,0.371,20
7,280,PSO,load_balance_std,0.1649,0.0318,0.151,0.1788,0.0869,0.2373,0.1693,20
7,280,RL,makespan,139.055,35.1994,123.6282,154.4818,92.5,206.6,132.7,20
7,280,RL,avg_e2e_latency,11.0718,1.1023,10.5887,11.5549,9.6618,14.3317,10.8667,20
7,280,RL,avg_utilization,0.4516,0.0519,0.4288,0.4743,0.3489,0.5345,0.456,20
7,280,RL,load_balance_std,0.1856,0.054,0.1619,0.2093,0.0963,0.2595,0.1996,20
7,280,RoundRobin,makespan,420.285,115.8163,369.5263,471.0437,222.9,759.3,425.05,20
7,280,RoundRobin,avg_e2e_latency,26.09,5.0186,23.8905,28.2896,19.9492,38.7638,24.5857,20
7,280,RoundRobin,avg_utilization,0.4424,0.0598,0.4162,0.4686,0.3518,0.5769,0.426,20
7,280,RoundRobin,load_balance_std,0.168,0.0206,0.159,0.177,0.1272,0.1989,0.1707,20
7,300,GA,makespan,274.625,65.878,245.7527,303.4973,180.8,398.4,262.95,20
7,300,GA,avg_e2e_latency,13.3519,1.7176,12.5991,14.1047,10.3084,17.2841,13.1668,20
7,300,GA,avg_utilization,0.3337,0.0457,0.3137,0.3538,0.2426,0.4097,0.3267,20
7,300,GA,load_balance_std,0.1053,0.0244,0.0946,0.116,0.0548,0.1419,0.1104,20
7,300,HEFT,makespan,740.33,116.8244,689.1294,791.5306,470.2,889.4,757.45,20
7,300,HEFT,avg_e2e_latency,31.4386,6.8114,28.4534,34.4238,19.2957,45.9829,30.2675,20
7,300,HEFT,avg_utilization,0.3811,0.0332,0.3666,0.3957,0.3232,0.4673,0.3782,20
7,300,HEFT,load_balance_std,0.1817,0.0182,0.1737,0.1897,0.1515,0.205,0.1839,20
7,300,PSO,makespan,242.75,44.3302,223.3215,262.1785,164.9,362.6,237.35,20
7,300,PSO,avg_e2e_latency,11.6317,1.1929,11.1089,12.1545,9.9538,13.7607,11.3551,20
7,300,PSO,avg_utilization,0.3023,0.0528,0.2792,0.3254,0.198,0.4198,0.2968,20
7,300,PSO,load_balance_std,0.1399,0.0315,0.1261,0.1537,0.0816,0.1936,0.1443,20
7,300,RL,makespan,283.485,66.7493,254.2308,312.7392,160.7,375.5,303.25,20
7,300,RL,avg_e2e_latency,12.087,1.0946,11.6073,12.5667,10.3968,14.5035,11.884,20
7,300,RL,avg_utilization,0.3318,0.0667,0.3025,0.361,0.2068,0.4527,0.3372,20
7,300,RL,load_balance_std,0.1163,0.0336,0.1016,0.1311,0.0643,0.1832,0.1171,20
7,300,RoundRobin,makespan,709.27,183.0135,629.0608,789.4792,421.8,1013.4,693.8,20
7,300,RoundRobin,avg_e2e_latency,28.0177,4.9201,25.8614,30.174,21.4053,39.4449,27.1844,20
7,300,RoundRobin,avg_utilization,0.3408,0.0441,0.3215,0.3601,0.2597,0.4353,0.3359,20
7,300,RoundRobin,load_balance_std,0.1582,0.0203,0.1493,0.1671,0.1232,0.1964,0.1603,20
